id,date,time,x,y,zone,linAcc_X,linAcc_Y,linAcc_Z,Month,Day,Year,Hour,Minute,Second
716739,2021.05.14,19:36:31,10.344217,-85.342562,16,0.148,0.113,0.59,9,27,2023,12,6,50
716739,2021.05.15,19:36:32,10.343719,-85.342296,16,0.148,0.113,0.59,9,27,2023,12,6,50
716739,2021.05.16,19:36:33,10.34358,-85.342489,16,0.148,0.113,0.59,9,27,2023,12,6,50
716739,2021.05.17,19:36:34,10.343601,-85.342521,16,0.973,1.027,-1.977,9,27,2023,12,6,50
716739,2021.05.18,19:36:35,10.343065,-85.342682,16,0.973,1.027,-1.977,9,27,2023,12,6,50
716739,2021.05.19,19:36:36,10.339589,-85.345117,16,0.797,1.336,-2.461,9,27,2023,12,6,50
716739,2021.05.20,19:36:37,10.33946,-85.345021,16,0.797,1.336,-2.461,9,27,2023,12,6,50
716739,2021.05.21,19:36:38,10.339556,-85.344173,16,0.016,1.969,-3.246,9,27,2023,12,6,50
716739,2021.05.22,19:36:39,10.338913,-85.345353,16,-0.336,0.383,-2.234,9,27,2023,12,6,50
716739,2021.05.23,19:36:40,10.340329,-85.346298,16,-0.336,0.383,-2.234,9,27,2023,12,6,50
716739,2021.05.24,19:36:41,10.340651,-85.346448,16,-0.336,0.383,-2.234,9,27,2023,12,6,51
716739,2021.05.25,19:36:42,10.339589,-85.345911,16,0.801,0.082,-2.078,9,27,2023,12,6,51
716739,2021.05.26,19:36:43,10.33991,-85.346094,16,0.801,0.082,-2.078,9,27,2023,12,6,51
716739,2021.05.27,19:36:44,10.33961,-85.346062,16,0.801,0.082,-2.078,9,27,2023,12,6,51
716739,2021.05.28,19:36:45,10.339546,-85.345954,16,0.801,0.082,-2.078,9,27,2023,12,6,51
716739,2021.05.29,19:36:46,10.339556,-85.345901,16,0.664,0.105,-2.348,9,27,2023,12,6,54
716739,2021.05.30,19:36:47,10.339513,-85.3456,16,0.664,0.105,-2.348,9,27,2023,12,6,54
716739,2021.05.31,19:36:48,10.341412,-85.349978,16,0.664,0.105,-2.348,9,27,2023,12,6,54
716739,2021.05.32,19:36:49,10.341541,-85.349731,16,0.664,0.105,-2.348,9,27,2023,12,6,54
716739,2021.05.33,19:36:50,10.341842,-85.347982,16,0.664,0.105,-2.348,9,27,2023,12,6,54
716739,2021.05.34,19:36:51,10.339642,-85.345965,16,0.664,0.105,-2.348,9,27,2023,12,6,54
716739,2021.05.35,19:36:52,10.339631,-85.345965,16,-0.297,-0.801,0.027,9,27,2023,12,6,54
716739,2021.05.36,19:36:53,10.339009,-85.34486,16,-0.297,-0.801,0.027,9,27,2023,12,6,54
716739,2021.05.37,19:36:54,10.338945,-85.345439,16,0.129,1.602,-2.02,9,27,2023,12,6,54
716739,2021.05.38,19:36:55,10.339621,-85.345718,16,0.129,1.602,-2.02,9,27,2023,12,6,54
716739,2021.05.39,19:36:56,10.339621,-85.345976,16,-0.094,-0.324,-0.844,9,27,2023,12,6,54
716739,2021.05.40,19:36:57,10.338966,-85.343744,16,-0.094,-0.324,-0.844,9,27,2023,12,6,54
716739,2021.05.41,19:36:58,10.338784,-85.34515,16,-0.094,-0.324,-0.844,9,27,2023,12,6,54
716739,2021.05.42,19:36:59,10.339234,-85.345547,16,0.559,-0.531,-0.336,9,27,2023,12,6,54
716739,2021.05.43,19:37:00,10.339556,-85.346019,16,0.559,-0.531,-0.336,9,27,2023,12,6,54
716739,2021.05.44,19:37:01,10.338848,-85.345439,16,0.383,0.547,-0.977,9,27,2023,12,6,54
716739,2021.05.45,19:37:02,10.339106,-85.345536,16,0.383,0.547,-0.977,9,27,2023,12,6,54
716739,2021.05.46,19:37:03,10.33843,-85.342811,16,0.383,0.547,-0.977,9,27,2023,12,6,54
716739,2021.05.47,19:37:04,10.338934,-85.345386,16,0.383,0.547,-0.977,9,27,2023,12,6,54
716739,2021.05.48,19:37:05,10.339717,-85.346223,16,0.383,0.547,-0.977,9,27,2023,12,6,54
716739,2021.05.49,19:37:06,10.33961,-85.345911,16,-0.016,-0.121,-0.984,9,27,2023,12,6,54
716739,2021.05.50,19:37:07,10.339535,-85.345944,16,-0.016,-0.121,-0.984,9,27,2023,12,6,54
716739,2021.05.51,19:37:08,10.339074,-85.343873,16,-0.461,-1.363,0.406,9,27,2023,12,6,54
716739,2021.05.52,19:37:09,10.339599,-85.346094,16,-0.461,-1.363,0.406,9,27,2023,12,6,54
716739,2021.05.53,19:37:10,10.338945,-85.343937,16,-0.461,-1.363,0.406,9,27,2023,12,6,54
716739,2021.05.54,19:37:11,10.33961,-85.345954,16,-0.461,-1.363,0.406,9,27,2023,12,6,54
716739,2021.05.55,19:37:12,10.336037,-85.34147,16,-0.461,-1.363,0.406,9,27,2023,12,6,54
716739,2021.05.56,19:37:13,10.335587,-85.341395,16,-0.461,-1.363,0.406,9,27,2023,12,6,54
716739,2021.05.57,19:37:14,10.334578,-85.34221,16,-0.461,-1.363,0.406,9,27,2023,12,6,54
716739,2021.05.58,19:37:15,10.334278,-85.34221,16,-0.211,0.633,-0.27,9,27,2023,12,6,54
716739,2021.05.59,19:37:16,10.332668,-85.342285,16,-0.211,0.633,-0.27,9,27,2023,12,6,54
716739,2021.05.60,19:37:17,10.332604,-85.342425,16,-1.211,0.07,-0.18,9,27,2023,12,6,54
716739,2021.05.61,19:37:18,10.329085,-85.342832,16,-1.211,0.07,-0.18,9,27,2023,12,6,54
716739,2021.05.62,19:37:19,10.325738,-85.341126,16,-1.211,0.07,-0.18,9,27,2023,12,6,54
716739,2021.05.63,19:37:20,10.298765,-85.286592,16,-1.211,0.07,-0.18,9,27,2023,12,6,54
716739,2021.05.64,19:37:21,10.318367,-85.308747,16,-1.211,0.07,-0.18,9,27,2023,12,6,54
716739,2021.05.65,19:37:22,10.305085,-85.298662,16,-1.012,-0.078,-0.023,9,27,2023,12,6,54
716739,2021.05.66,19:37:23,10.304977,-85.297063,16,-1.012,-0.078,-0.023,9,27,2023,12,6,54
716739,2021.05.67,19:37:24,10.311146,-85.30482,16,-0.75,-0.504,0.031,9,27,2023,12,6,54
716739,2021.05.68,19:37:25,10.285698,-85.278534,16,-0.75,-0.504,0.031,9,27,2023,12,6,54
716739,2021.05.69,19:37:26,10.325491,-85.371178,16,-0.75,-0.504,0.031,9,27,2023,12,6,54
716739,2021.05.70,19:37:27,10.288079,-85.278481,16,-0.75,-0.504,0.031,9,27,2023,12,6,54
716739,2021.05.71,19:37:28,10.299227,-85.285798,16,-0.75,-0.504,0.031,9,27,2023,12,6,54
716739,2021.05.72,19:37:29,10.253339,-85.245253,16,-0.34,-0.242,0.109,9,27,2023,12,6,54
716739,2021.05.73,19:37:30,10.282339,-85.217305,16,-0.34,-0.242,0.109,9,27,2023,12,6,54
716739,2021.05.74,19:37:31,10.289785,-85.204055,16,0.074,0.098,-0.047,9,27,2023,12,6,55
716739,2021.05.75,19:37:32,10.289925,-85.203701,16,0.074,0.098,-0.047,9,27,2023,12,6,55
716739,2021.05.76,19:37:33,10.348032,-85.180301,16,0.074,0.098,-0.047,9,27,2023,12,6,55
716739,2021.05.77,19:37:34,10.348043,-85.18043,16,0.074,0.098,-0.047,9,27,2023,12,6,55
716739,2021.05.78,19:37:35,10.347893,-85.180269,16,0.074,0.098,-0.047,9,27,2023,12,6,55
716739,2021.05.79,19:37:36,10.347914,-85.179893,16,0.074,0.098,-0.047,9,27,2023,12,6,55
716739,2021.05.80,19:37:37,10.349202,-85.185333,16,0.074,0.098,-0.047,9,27,2023,12,6,55
716739,2021.05.81,19:37:38,10.347871,-85.180205,16,0.074,0.098,-0.047,9,27,2023,12,6,55
716739,2021.05.82,19:37:39,10.348794,-85.187157,16,0.074,0.098,-0.047,9,27,2023,12,6,55
716739,2021.05.83,19:37:40,10.348729,-85.18735,16,0.074,0.098,-0.047,9,27,2023,12,6,55
716739,2021.05.84,19:37:41,10.349191,-85.185022,16,0.074,0.098,-0.047,9,27,2023,12,6,55
716739,2021.05.85,19:37:42,10.348644,-85.187296,16,0.074,0.098,-0.047,9,27,2023,12,6,55
716739,2021.05.86,19:37:43,10.348601,-85.188047,16,0.074,0.098,-0.047,9,27,2023,12,6,55
716739,2021.05.87,19:37:44,10.348611,-85.188079,16,-0.738,0.039,1.129,9,27,2023,12,6,55
716739,2021.05.88,19:37:45,10.348697,-85.187436,16,-0.738,0.039,1.129,9,27,2023,12,6,55
716739,2021.05.89,19:37:46,10.348697,-85.187318,16,-0.738,0.039,1.129,9,27,2023,12,6,55
716739,2021.05.90,19:37:47,10.347828,-85.180129,16,-1.07,-0.395,2.016,9,27,2023,12,6,55
716739,2021.05.91,19:37:48,10.348644,-85.184163,16,-1.07,-0.395,2.016,9,27,2023,12,6,55
716739,2021.05.92,19:37:49,10.348161,-85.181138,16,-1.07,-0.395,2.016,9,27,2023,12,6,55
716739,2021.05.93,19:37:50,10.348901,-85.184239,16,-1.07,-0.395,2.016,9,27,2023,12,6,55
716739,2021.05.94,19:37:51,10.348837,-85.187157,16,-0.566,-0.473,0.824,9,27,2023,12,6,55
716739,2021.05.95,19:37:52,10.348483,-85.187854,16,-0.566,-0.473,0.824,9,27,2023,12,6,55
716739,2021.05.96,19:37:53,10.348697,-85.187371,16,-0.566,-0.473,0.824,9,27,2023,12,6,55
716739,2021.05.97,19:37:54,10.348333,-85.189281,16,-0.566,-0.473,0.824,9,27,2023,12,6,55
716739,2021.05.98,19:37:55,10.348569,-85.188037,16,-0.566,-0.473,0.824,9,27,2023,12,6,55
716739,2021.05.99,19:37:56,10.348579,-85.18794,16,-0.566,-0.473,0.824,9,27,2023,12,6,55
716739,2021.05.100,19:37:57,10.348826,-85.186931,16,-0.566,-0.473,0.824,9,27,2023,12,6,55
716739,2021.05.101,19:37:58,10.348955,-85.18426,16,-0.566,-0.473,0.824,9,27,2023,12,6,55
716739,2021.05.102,19:37:59,10.348579,-85.188358,16,-0.566,-0.473,0.824,9,27,2023,12,6,55
716739,2021.05.103,19:38:00,10.348708,-85.18838,16,-0.566,-0.473,0.824,9,27,2023,12,6,55
716739,2021.05.104,19:38:01,10.348772,-85.187328,16,-0.566,-0.473,0.824,9,27,2023,12,6,55
716739,2021.05.105,19:38:02,10.348815,-85.187425,16,-0.141,0.559,-1.074,9,27,2023,12,6,55
716739,2021.05.106,19:38:03,10.348483,-85.187897,16,-0.141,0.559,-1.074,9,27,2023,12,6,55
716739,2021.05.107,19:38:04,10.34859,-85.188358,16,-0.141,0.559,-1.074,9,27,2023,12,6,55
716739,2021.05.108,19:38:05,10.34888,-85.184239,16,-0.141,0.559,-1.074,9,27,2023,12,6,55
716739,2021.05.109,19:38:06,10.349341,-85.184743,16,-0.141,0.559,-1.074,9,27,2023,12,6,55
716739,2021.05.110,19:38:07,10.348794,-85.183917,16,-0.141,0.559,-1.074,9,27,2023,12,6,55
716739,2021.05.111,19:38:08,10.34888,-85.18426,16,-0.141,0.559,-1.074,9,27,2023,12,6,55
716739,2021.05.112,19:38:09,10.347839,-85.180086,16,-0.141,0.559,-1.074,9,27,2023,12,6,55
716739,2021.05.113,19:38:10,10.348805,-85.183906,16,-0.141,0.559,-1.074,9,27,2023,12,6,55
716739,2021.05.114,19:38:11,10.348848,-85.184281,16,-0.141,0.559,-1.074,9,27,2023,12,6,55
716739,2021.05.115,19:38:12,10.347978,-85.179797,16,-0.141,0.559,-1.074,9,27,2023,12,6,55
716739,2021.05.116,19:38:13,10.348751,-85.184324,16,-0.141,0.559,-1.074,9,27,2023,12,6,55
716739,2021.05.117,19:38:14,10.348848,-85.18397,16,0.309,-1.121,-0.117,9,27,2023,12,6,55
716739,2021.05.118,19:38:15,10.348815,-85.183949,16,0.309,-1.121,-0.117,9,27,2023,12,6,55
716739,2021.05.119,19:38:16,10.349105,-85.184754,16,0.309,-1.121,-0.117,9,27,2023,12,6,55
716739,2021.05.120,19:38:17,10.347925,-85.180548,16,0.309,-1.121,-0.117,9,27,2023,12,6,55
716739,2021.05.121,19:38:18,10.348021,-85.180033,16,0.309,-1.121,-0.117,9,27,2023,12,6,55
716739,2021.05.122,19:38:19,10.348794,-85.183917,16,0.309,-1.121,-0.117,9,27,2023,12,6,55
716739,2021.05.123,19:38:20,10.349008,-85.184389,16,-0.273,-3.062,0.289,9,27,2023,12,6,55
716739,2021.05.124,19:38:21,10.348815,-85.183949,16,-0.273,-3.062,0.289,9,27,2023,12,6,56
716739,2021.05.125,19:38:22,10.349298,-85.181943,16,-0.273,-3.062,0.289,9,27,2023,12,6,56
716739,2021.05.126,19:38:23,10.349373,-85.181921,16,-0.273,-3.062,0.289,9,27,2023,12,6,56
716739,2021.05.127,19:38:24,10.348772,-85.184453,16,-0.273,-3.062,0.289,9,27,2023,12,6,56
716739,2021.05.128,19:38:25,10.348826,-85.18396,16,-0.273,-3.062,0.289,9,27,2023,12,6,56
716739,2021.05.129,19:38:26,10.34786,-85.179496,16,-0.273,-3.062,0.289,9,27,2023,12,6,56
716739,2021.05.130,19:38:27,10.349373,-85.181996,16,-0.273,-3.062,0.289,9,27,2023,12,6,56
716739,2021.05.131,19:38:28,10.349416,-85.181964,16,-0.273,-3.062,0.289,9,27,2023,12,6,56
716739,2021.05.132,19:38:29,10.34947,-85.181481,16,-0.273,-3.062,0.289,9,27,2023,12,6,56
716739,2021.05.14,19:38:30,10.349448,-85.181449,16,-0.273,-3.062,0.289,9,27,2023,12,6,56
716739,2021.05.14,19:38:31,10.349373,-85.181642,16,-0.273,-3.062,0.289,9,27,2023,12,6,56
716739,2021.05.14,19:38:32,10.349373,-85.181621,16,-0.273,-3.062,0.289,9,27,2023,12,6,56
716739,2021.05.14,19:38:33,10.363353,-85.126732,16,-0.273,-3.062,0.289,9,27,2023,12,6,56
716739,2021.05.20,15:09:22,10.338069,-85.344099,16,-0.273,-3.062,0.289,9,27,2023,12,6,56
716739,2021.05.22,14:26:04,10.339098,-85.345623,16,-0.273,-3.062,0.289,9,27,2023,12,6,56
716739,2021.05.30,6:03:05,10.33929,-85.346036,16,-0.273,-3.062,0.289,9,27,2023,12,6,56
716739,2021.06.01,14:50:53,10.339045,-85.345384,16,-0.273,-3.062,0.289,9,27,2023,12,6,56
716739,2021.06.03,20:42:45,10.339712,-85.346223,16,-0.273,-3.062,0.289,9,27,2023,12,6,56
716739,2021.06.26,6:01:16,10.348879,-85.186781,16,0.125,0.66,-0.297,9,27,2023,12,6,56
716739,2021.07.23,6:00:24,10.349408,-85.186052,16,0.125,0.66,-0.297,9,27,2023,12,6,56
716739,2021.07.27,6:01:02,10.347948,-85.189667,16,0.125,0.66,-0.297,9,27,2023,12,6,56
716739,2021.08.09,6:01:59,10.348888,-85.183821,16,0.125,0.66,-0.297,9,27,2023,12,6,56
716739,2021.08.12,6:03:07,10.348052,-85.180423,16,0.125,0.66,-0.297,9,27,2023,12,6,56
716739,2021.08.15,6:02:43,10.348066,-85.179941,16,0.125,0.66,-0.297,9,27,2023,12,6,56
716799,2021.05.14,21:07:50,10.344065,-85.342802,16,0.125,0.66,-0.297,9,27,2023,12,6,56
716799,2021.05.15,6:00:37,10.343719,-85.342285,16,0.125,0.66,-0.297,9,27,2023,12,6,56
716799,2021.05.17,8:52:52,10.341842,-85.342982,16,0.125,0.66,-0.297,9,27,2023,12,6,56
716799,2021.05.17,13:01:06,10.341648,-85.343186,16,0.125,0.66,-0.297,9,27,2023,12,6,56
716799,2021.05.19,2:05:56,10.341659,-85.343122,16,0.125,0.66,-0.297,9,27,2023,12,6,56
716799,2021.05.19,6:00:36,10.338108,-85.341695,16,0.125,0.66,-0.297,9,27,2023,12,6,56
716799,2021.05.19,22:53:40,10.341434,-85.346319,16,0.125,0.66,-0.297,9,27,2023,12,6,56
716799,2021.05.21,3:18:42,10.341702,-85.348508,16,0.125,0.66,-0.297,9,27,2023,12,6,56
716799,2021.05.21,13:00:52,10.341724,-85.348594,16,0.125,0.66,-0.297,9,27,2023,12,6,56
716799,2021.05.22,6:04:56,10.341734,-85.348561,16,-0.32,-2.16,0.492,9,27,2023,12,6,56
716799,2021.05.22,13:01:01,10.341745,-85.348572,16,-0.32,-2.16,0.492,9,27,2023,12,6,56
716799,2021.05.23,6:00:51,10.341745,-85.348561,16,-0.32,-2.16,0.492,9,27,2023,12,6,56
716799,2021.05.25,0:56:25,10.341713,-85.348518,16,-0.32,-2.16,0.492,9,27,2023,12,6,56
716799,2021.05.25,6:00:35,10.341616,-85.348379,16,-0.32,-2.16,0.492,9,27,2023,12,6,56
716799,2021.05.25,13:00:44,10.341702,-85.349076,16,0.352,1.523,-0.723,9,27,2023,12,6,56
716799,2021.05.26,6:00:49,10.341691,-85.349098,16,0.352,1.523,-0.723,9,27,2023,12,6,56
716799,2021.05.26,13:01:05,10.341691,-85.34913,16,0.352,1.523,-0.723,9,27,2023,12,6,56
716799,2021.05.27,6:01:00,10.341681,-85.349109,16,0.398,3.281,-1.027,9,27,2023,12,6,56
716799,2021.05.27,13:01:11,10.341691,-85.349141,16,0.492,2.559,-1.172,9,27,2023,12,6,56
716799,2021.05.28,6:00:51,10.341638,-85.349119,16,-0.098,0.73,-0.477,9,27,2023,12,6,56
716799,2021.05.28,13:00:51,10.34167,-85.349141,16,-0.793,-1.152,0.469,9,27,2023,12,6,56
716799,2021.05.29,6:01:07,10.341756,-85.349205,16,-0.707,-2.836,1.242,9,27,2023,12,6,56
716799,2021.05.29,13:00:50,10.341681,-85.349151,16,-0.906,-3.355,1.059,9,27,2023,12,6,56
716799,2021.05.30,13:00:54,10.341659,-85.349194,16,-0.441,-3.824,0.852,9,27,2023,12,6,56
716799,2021.05.31,13:02:00,10.341681,-85.349119,16,-0.441,-3.824,0.852,9,27,2023,12,6,56
716799,2021.06.01,6:02:30,10.341648,-85.349184,16,-0.246,-2.633,0.48,9,27,2023,12,6,56
716799,2021.06.01,13:01:07,10.341648,-85.349216,16,-0.117,-1.227,-0.184,9,27,2023,12,6,57
716799,2021.06.02,6:00:51,10.34167,-85.349162,16,0.496,-0.102,-0.66,9,27,2023,12,6,57
716799,2021.06.02,13:00:50,10.341691,-85.349194,16,0.828,1.113,-1.164,9,27,2023,12,6,57
716799,2021.06.03,6:01:01,10.341702,-85.349173,16,0.828,1.113,-1.164,9,27,2023,12,6,57
716799,2021.06.03,13:01:06,10.341702,-85.349151,16,0.445,1.707,-0.715,9,27,2023,12,6,57
716799,2021.06.04,6:01:01,10.341691,-85.349205,16,0.445,1.707,-0.715,9,27,2023,12,6,57
716799,2021.06.04,13:01:31,10.34167,-85.349173,16,0.34,2.098,-0.629,9,27,2023,12,6,57
716799,2021.06.05,6:01:02,10.341691,-85.349173,16,0.285,2.234,-0.773,9,27,2023,12,6,57
716799,2021.06.05,13:00:55,10.341691,-85.349173,16,0.211,1.492,-0.66,9,27,2023,12,6,57
716799,2021.06.06,6:01:25,10.341691,-85.349162,16,-0.07,0.738,-0.27,9,27,2023,12,6,57
716799,2021.06.06,13:00:51,10.34167,-85.349194,16,-0.07,0.738,-0.27,9,27,2023,12,6,57
716799,2021.06.07,6:02:31,10.341681,-85.349173,16,-0.109,1.121,0.176,9,27,2023,12,6,57
716799,2021.06.07,13:01:27,10.34167,-85.349237,16,-0.109,1.121,0.176,9,27,2023,12,6,57
716799,2021.06.08,6:01:10,10.34167,-85.349184,16,-0.473,-0.426,1.34,9,27,2023,12,6,57
716799,2021.06.08,13:00:55,10.341681,-85.349151,16,-0.664,-1.137,1.109,9,27,2023,12,6,57
716799,2021.06.09,13:01:02,10.34167,-85.349184,16,-0.59,-2.402,0.652,9,27,2023,12,6,57
716799,2021.06.10,6:01:06,10.341648,-85.349184,16,-0.316,-4.539,0.289,9,27,2023,12,6,57
716799,2021.06.10,13:00:49,10.341659,-85.349162,16,-0.316,-4.539,0.289,9,27,2023,12,6,57
716799,2021.06.12,13:01:00,10.34167,-85.349173,16,-0.113,-2.887,-1.371,9,27,2023,12,6,57
716799,2021.06.13,6:00:34,10.33991,-85.343583,16,-0.113,-2.887,-1.371,9,27,2023,12,6,57
716799,2021.06.13,14:13:31,10.34049,-85.346405,16,0.605,0.973,-1.227,9,27,2023,12,6,57
716799,2021.06.13,14:13:31,10.34049,-85.346405,16,0.125,3.203,-0.309,9,27,2023,12,6,57
716799,2021.06.14,6:00:34,10.339031,-85.343744,16,0.125,3.203,-0.309,9,27,2023,12,6,57
716799,2021.06.15,11:42:11,10.339492,-85.346137,16,-1.137,4.68,0.008,9,27,2023,12,6,57
716799,2021.06.15,13:15:23,10.339567,-85.346029,16,-1.137,4.68,0.008,9,27,2023,12,6,57
716799,2021.06.16,6:00:40,10.339438,-85.345547,16,-0.156,1.289,0.367,9,27,2023,12,6,57
716799,2021.06.18,1:10:47,10.3399,-85.346276,16,-0.156,1.289,0.367,9,27,2023,12,6,57
716799,2021.06.18,1:10:47,10.3399,-85.346276,16,0.008,0.816,-0.016,9,27,2023,12,6,57
716799,2021.06.18,6:00:39,10.33887,-85.342478,16,0.008,0.816,-0.016,9,27,2023,12,6,57
716799,2021.06.18,13:40:08,10.339267,-85.345632,16,0.008,0.816,-0.016,9,27,2023,12,6,57
716799,2021.06.19,6:00:36,10.336305,-85.341716,16,0.008,0.816,-0.016,9,27,2023,12,6,57
716799,2021.06.19,13:01:31,10.333205,-85.342306,16,0.008,0.816,-0.016,9,27,2023,12,6,57
716799,2021.06.20,6:00:41,10.332561,-85.342457,16,0.008,0.816,-0.016,9,27,2023,12,6,57
716799,2021.06.20,13:00:37,10.33255,-85.342446,16,0.008,0.816,-0.016,9,27,2023,12,6,57
716799,2021.06.21,6:00:52,10.332529,-85.342425,16,0.008,0.816,-0.016,9,27,2023,12,6,57
716799,2021.06.21,13:00:40,10.33254,-85.342457,16,0.008,0.816,-0.016,9,27,2023,12,6,57
716799,2021.06.22,6:00:37,10.33255,-85.342457,16,0.008,0.816,-0.016,9,27,2023,12,6,57
716799,2021.06.22,13:00:35,10.332561,-85.342457,16,0.008,0.816,-0.016,9,27,2023,12,6,57
716799,2021.06.23,6:00:37,10.33255,-85.342446,16,0.008,0.816,-0.016,9,27,2023,12,6,57
716799,2021.06.23,13:00:38,10.332518,-85.342457,16,0.008,0.816,-0.016,9,27,2023,12,6,57
716799,2021.06.24,6:00:39,10.332561,-85.342457,16,0.5,2.547,-0.645,9,27,2023,12,6,57
716799,2021.06.24,13:00:39,10.33254,-85.342446,16,0.5,2.547,-0.645,9,27,2023,12,6,57
716799,2021.06.25,6:00:36,10.33255,-85.342478,16,0.336,2.395,-0.055,9,27,2023,12,6,57
716799,2021.06.25,13:00:38,10.33255,-85.342467,16,0.336,2.395,-0.055,9,27,2023,12,6,57
716799,2021.06.26,6:00:39,10.33255,-85.342478,16,0.336,2.395,-0.055,9,27,2023,12,6,57
716799,2021.06.26,13:00:38,10.33254,-85.342446,16,0.336,2.395,-0.055,9,27,2023,12,6,57
716799,2021.06.27,6:00:51,10.33255,-85.34236,16,0.336,2.395,-0.055,9,27,2023,12,6,57
716799,2021.06.27,13:00:51,10.332529,-85.342435,16,0.336,2.395,-0.055,9,27,2023,12,6,57
716799,2021.06.28,6:00:50,10.33255,-85.342403,16,0.336,2.395,-0.055,9,27,2023,12,6,57
716799,2021.06.28,13:00:37,10.33255,-85.342457,16,0.336,2.395,-0.055,9,27,2023,12,6,57
716799,2021.06.29,6:00:37,10.33255,-85.342457,16,0,-2.703,-0.559,9,27,2023,12,6,58
716799,2021.06.29,13:00:36,10.33255,-85.342457,16,0,-2.703,-0.559,9,27,2023,12,6,58
716799,2021.06.30,6:00:37,10.332561,-85.342446,16,-0.309,-5.27,-0.828,9,27,2023,12,6,58
716799,2021.06.30,13:00:37,10.33254,-85.342457,16,-0.309,-5.27,-0.828,9,27,2023,12,6,58
716799,2021.07.01,6:00:37,10.33254,-85.342435,16,-0.719,-4.402,-0.344,9,27,2023,12,6,58
716799,2021.07.01,13:00:38,10.33254,-85.342457,16,-0.719,-4.402,-0.344,9,27,2023,12,6,58
716799,2021.07.02,6:00:38,10.33255,-85.342467,16,-0.895,-0.008,0.422,9,27,2023,12,6,58
716799,2021.07.02,13:00:52,10.332529,-85.342457,16,-0.895,-0.008,0.422,9,27,2023,12,6,58
716799,2021.07.03,6:00:40,10.33254,-85.342457,16,-1.16,1.828,0.582,9,27,2023,12,6,58
716799,2021.07.04,6:00:50,10.33255,-85.342478,16,-1.16,1.828,0.582,9,27,2023,12,6,58
716799,2021.07.04,13:00:43,10.33255,-85.342435,16,-1.16,1.828,0.582,9,27,2023,12,6,58
716799,2021.07.05,6:00:52,10.33254,-85.342457,16,-1.16,1.828,0.582,9,27,2023,12,6,58
716799,2021.07.05,13:00:36,10.332529,-85.342457,16,-1.16,1.828,0.582,9,27,2023,12,6,58
716799,2021.07.06,6:00:39,10.332314,-85.342328,16,0.129,1.246,-0.762,9,27,2023,12,6,58
716799,2021.07.09,6:00:50,10.331456,-85.341287,16,0.129,1.246,-0.762,9,27,2023,12,6,58
716799,2021.07.09,13:00:46,10.331467,-85.341244,16,0.129,1.246,-0.762,9,27,2023,12,6,58
716799,2021.07.10,6:01:06,10.331424,-85.341266,16,0.129,1.246,-0.762,9,27,2023,12,6,58
716799,2021.07.10,13:00:42,10.331478,-85.341298,16,0.129,1.246,-0.762,9,27,2023,12,6,58
716799,2021.07.11,6:01:01,10.331435,-85.341137,16,0.289,-1.133,-0.621,9,27,2023,12,6,58
716799,2021.07.11,13:00:52,10.33092,-85.341244,16,0.289,-1.133,-0.621,9,27,2023,12,6,58
716799,2021.07.12,6:00:51,10.330877,-85.341298,16,0.289,-1.133,-0.621,9,27,2023,12,6,58
716799,2021.07.12,13:00:38,10.330866,-85.341298,16,-0.383,-0.617,0.613,9,27,2023,12,6,58
716799,2021.07.13,6:00:51,10.330855,-85.341287,16,-0.383,-0.617,0.613,9,27,2023,12,6,58
716799,2021.07.13,13:00:38,10.330855,-85.341277,16,-0.383,-0.617,0.613,9,27,2023,12,6,58
716799,2021.07.14,6:00:39,10.330641,-85.341234,16,-0.484,-0.121,0.848,9,27,2023,12,6,58
716799,2021.07.14,13:00:38,10.33063,-85.341212,16,-0.484,-0.121,0.848,9,27,2023,12,6,58
716799,2021.07.15,6:00:40,10.330684,-85.341159,16,-0.348,0.016,0.551,9,27,2023,12,6,58
716799,2021.07.15,13:00:40,10.330641,-85.341148,16,-0.348,0.016,0.551,9,27,2023,12,6,58
716799,2021.07.16,6:00:54,10.330662,-85.341126,16,0.566,0.992,-0.527,9,27,2023,12,6,58
716799,2021.07.16,13:00:38,10.330437,-85.341073,16,0.566,0.992,-0.527,9,27,2023,12,6,58
716799,2021.07.17,6:00:33,10.3296,-85.341309,16,0.566,0.992,-0.527,9,27,2023,12,6,58
716799,2021.07.17,13:00:40,10.330587,-85.341051,16,0.566,0.992,-0.527,9,27,2023,12,6,58
716799,2021.07.18,6:00:42,10.330587,-85.34103,16,0.566,0.992,-0.527,9,27,2023,12,6,58
716799,2021.07.18,13:00:41,10.330587,-85.34104,16,0.566,0.992,-0.527,9,27,2023,12,6,58
716799,2021.07.19,6:00:43,10.330587,-85.341051,16,-0.238,-0.844,1.625,9,27,2023,12,6,58
716799,2021.07.19,13:00:37,10.330587,-85.34104,16,-0.238,-0.844,1.625,9,27,2023,12,6,58
716799,2021.07.20,6:00:39,10.330608,-85.34104,16,-0.238,-0.844,1.625,9,27,2023,12,6,58
716799,2021.07.20,13:00:51,10.330576,-85.34103,16,-0.238,-0.844,1.625,9,27,2023,12,6,58
716799,2021.07.21,6:00:39,10.330598,-85.341019,16,-0.238,-0.844,1.625,9,27,2023,12,6,58
716799,2021.07.21,13:00:39,10.330587,-85.341019,16,0.633,1.039,0.316,9,27,2023,12,6,58
716799,2021.07.22,6:00:55,10.330587,-85.341019,16,1.039,0.75,0.113,9,27,2023,12,6,58
716799,2021.07.22,13:00:50,10.330619,-85.34103,16,1.039,0.75,0.113,9,27,2023,12,6,58
716799,2021.07.23,6:00:39,10.330619,-85.34104,16,0.871,0.012,0.074,9,27,2023,12,6,58
716799,2021.07.23,13:00:38,10.330608,-85.34104,16,0.871,0.012,0.074,9,27,2023,12,6,58
716799,2021.07.24,6:00:51,10.330651,-85.341019,16,0.871,0.012,0.074,9,27,2023,12,6,58
716799,2021.07.24,13:00:51,10.330608,-85.34103,16,0.871,0.012,0.074,9,27,2023,12,6,58
716799,2021.07.25,6:00:37,10.330598,-85.341051,16,0.09,0.293,0.793,9,27,2023,12,6,58
716799,2021.07.25,13:00:36,10.330598,-85.341051,16,0.324,0.375,0.059,9,27,2023,12,6,58
716799,2021.07.26,6:00:39,10.330598,-85.341051,16,0.324,0.375,0.059,9,27,2023,12,6,58
716799,2021.07.26,13:00:39,10.330587,-85.341019,16,0.16,0.246,0.535,9,27,2023,12,6,58
716799,2021.07.27,6:00:41,10.330598,-85.341073,16,0.16,0.246,0.535,9,27,2023,12,6,59
716799,2021.07.27,13:00:41,10.330576,-85.34103,16,0.16,0.246,0.535,9,27,2023,12,6,59
716799,2021.07.28,6:00:36,10.330598,-85.34103,16,0.16,0.246,0.535,9,27,2023,12,6,59
716799,2021.07.28,13:00:40,10.330587,-85.34103,16,0.16,0.246,0.535,9,27,2023,12,6,59
716799,2021.07.29,6:00:36,10.330598,-85.34104,16,0.16,0.246,0.535,9,27,2023,12,6,59
716799,2021.07.29,13:00:51,10.330587,-85.34104,16,0.266,-0.426,-0.711,9,27,2023,12,6,59
716799,2021.07.30,6:00:37,10.330608,-85.34103,16,0.266,-0.426,-0.711,9,27,2023,12,6,59
716799,2021.07.30,13:00:38,10.330608,-85.34104,16,0.266,-0.426,-0.711,9,27,2023,12,6,59
716799,2021.07.31,6:00:40,10.330598,-85.341051,16,0.91,-0.75,-0.816,9,27,2023,12,6,59
716799,2021.07.31,13:00:40,10.330587,-85.34104,16,0.91,-0.75,-0.816,9,27,2023,12,6,59
716799,2021.08.01,6:00:37,10.330587,-85.34103,16,0.91,-0.75,-0.816,9,27,2023,12,6,59
716799,2021.08.01,13:00:38,10.330619,-85.341008,16,0.91,-0.75,-0.816,9,27,2023,12,6,59
716799,2021.08.02,6:00:42,10.33063,-85.341019,16,0.91,-0.75,-0.816,9,27,2023,12,6,59
716799,2021.08.02,13:00:49,10.330619,-85.340998,16,1.191,0.086,-2.195,9,27,2023,12,6,59
716799,2021.08.03,6:00:35,10.33063,-85.341008,16,1.191,0.086,-2.195,9,27,2023,12,6,59
716799,2021.08.03,13:00:39,10.33063,-85.341008,16,1.191,0.086,-2.195,9,27,2023,12,6,59
716799,2021.08.04,6:00:39,10.330619,-85.341008,16,1.191,0.086,-2.195,9,27,2023,12,6,59
716799,2021.08.04,13:00:38,10.33063,-85.341008,16,1.191,0.086,-2.195,9,27,2023,12,6,59
716799,2021.08.05,6:00:38,10.330619,-85.341019,16,1.191,0.086,-2.195,9,27,2023,12,6,59
716799,2021.08.05,13:00:38,10.330641,-85.34104,16,1.191,0.086,-2.195,9,27,2023,12,6,59
716799,2021.08.06,6:00:38,10.33063,-85.341008,16,1.191,0.086,-2.195,9,27,2023,12,6,59
716799,2021.08.06,13:00:38,10.330619,-85.340998,16,1.191,0.086,-2.195,9,27,2023,12,6,59
716799,2021.08.07,6:00:35,10.330619,-85.341008,16,1.191,0.086,-2.195,9,27,2023,12,6,59
716799,2021.08.07,13:00:36,10.332347,-85.342113,16,1.191,0.086,-2.195,9,27,2023,12,6,59
716799,2021.08.08,6:00:35,10.332336,-85.342124,16,1.191,0.086,-2.195,9,27,2023,12,6,59
716799,2021.08.08,13:00:50,10.332454,-85.342113,16,1.191,0.086,-2.195,9,27,2023,12,6,59
716799,2021.08.09,6:00:39,10.332454,-85.342124,16,1.191,0.086,-2.195,9,27,2023,12,6,59
716799,2021.08.09,13:00:41,10.332443,-85.342113,16,1.191,0.086,-2.195,9,27,2023,12,6,59
716799,2021.08.10,6:00:35,10.332432,-85.342113,16,1.191,0.086,-2.195,9,27,2023,12,6,59
716799,2021.08.10,13:00:38,10.332454,-85.342113,16,1.191,0.086,-2.195,9,27,2023,12,6,59
716799,2021.08.11,6:00:38,10.332454,-85.342124,16,1.191,0.086,-2.195,9,27,2023,12,6,59
716799,2021.08.11,13:00:36,10.332454,-85.342103,16,1.191,0.086,-2.195,9,27,2023,12,6,59
716799,2021.08.12,6:00:40,10.331488,-85.341341,16,1.191,0.086,-2.195,9,27,2023,12,6,59
716799,2021.08.12,13:00:41,10.331488,-85.341319,16,1.191,0.086,-2.195,9,27,2023,12,6,59
716799,2021.08.13,6:00:36,10.327937,-85.340558,16,1.191,0.086,-2.195,9,27,2023,12,6,59
716799,2021.05.31,6:03:05,10.341793,-85.34927,16,1.191,0.086,-2.195,9,27,2023,12,6,59
716799,2021.06.09,6:03:06,10.341645,-85.349209,16,1.191,0.086,-2.195,9,27,2023,12,6,59
716799,2021.06.11,13:01:36,10.341641,-85.34915,16,1.191,0.086,-2.195,9,27,2023,12,6,59
716799,2021.06.12,6:03:02,10.341449,-85.349269,16,1.191,0.086,-2.195,9,27,2023,12,6,59
716799,2021.06.14,13:17:05,10.339393,-85.345577,16,1.191,0.086,-2.195,9,27,2023,12,6,59
716799,2021.06.16,16:45:54,10.339676,-85.346329,16,1.191,0.086,-2.195,9,27,2023,12,6,59
716807,2021.05.13,3:08:15,10.343334,-85.342079,16,1.191,0.086,-2.195,9,27,2023,12,6,59
716807,2021.05.13,6:00:34,10.34358,-85.342392,16,1.191,0.086,-2.195,9,27,2023,12,6,59
716807,2021.05.13,13:00:36,10.341852,-85.342553,16,1.191,0.086,-2.195,9,27,2023,12,6,59
716807,2021.05.14,6:00:35,10.343408,-85.342017,16,0.188,-0.121,0.328,9,27,2023,12,6,59
716807,2021.05.14,13:00:35,10.341992,-85.342414,16,-0.008,-0.082,0.445,9,27,2023,12,6,59
716807,2021.05.15,6:00:34,10.343676,-85.342306,16,-0.008,-0.082,0.445,9,27,2023,12,6,59
716807,2021.05.15,13:00:36,10.341917,-85.342425,16,0.535,0.523,0.078,9,27,2023,12,6,59
716807,2021.05.16,6:00:36,10.343515,-85.3425,16,0.535,0.523,0.078,9,27,2023,12,6,59
716807,2021.05.16,13:00:35,10.340104,-85.342188,16,0.672,1.375,-0.91,9,27,2023,12,6,59
716807,2021.05.17,6:00:36,10.34358,-85.34251,16,0.816,0.273,-1.094,9,27,2023,12,7,0
716807,2021.05.17,13:00:35,10.343698,-85.342682,16,0.91,0.188,-0.797,9,27,2023,12,7,0
716807,2021.05.18,6:00:35,10.343494,-85.342178,16,0.91,0.188,-0.797,9,27,2023,12,7,0
716807,2021.05.18,13:00:35,10.340629,-85.342521,16,0.91,0.188,-0.797,9,27,2023,12,7,0
716807,2021.05.19,6:00:35,10.343515,-85.342167,16,0.242,0.125,0.102,9,27,2023,12,7,0
716807,2021.05.19,13:00:35,10.342603,-85.34251,16,0.418,0.102,-0.75,9,27,2023,12,7,0
716807,2021.05.20,6:00:35,10.34344,-85.342038,16,0.57,-0.035,-0.781,9,27,2023,12,7,0
716807,2021.05.20,13:00:33,10.341756,-85.342789,16,0.434,-0.043,-0.52,9,27,2023,12,7,0
716807,2021.05.21,6:00:35,10.343408,-85.342017,16,0.402,0.02,-0.312,9,27,2023,12,7,0
716807,2021.05.21,13:00:35,10.341627,-85.342661,16,0.219,-0.539,-0.504,9,27,2023,12,7,0
716807,2021.05.22,6:00:35,10.34344,-85.34207,16,0.426,-0.211,-0.543,9,27,2023,12,7,0
716807,2021.05.23,6:00:36,10.341724,-85.342789,16,0.23,-0.289,-0.312,9,27,2023,12,7,0
716807,2021.05.23,13:00:36,10.341713,-85.342811,16,-0.121,-0.082,0.148,9,27,2023,12,7,0
716807,2021.05.24,6:00:37,10.341745,-85.342789,16,-0.223,0.004,0.309,9,27,2023,12,7,0
716807,2021.05.24,13:00:35,10.341766,-85.342779,16,-0.262,0.004,-0.191,9,27,2023,12,7,0
716807,2021.05.25,6:00:34,10.339267,-85.343948,16,-0.262,0.004,-0.191,9,27,2023,12,7,0
716807,2021.05.25,13:05:07,10.339234,-85.344087,16,-0.262,0.004,-0.191,9,27,2023,12,7,0
716807,2021.05.26,6:02:02,10.33932,-85.344517,16,-0.262,0.004,-0.191,9,27,2023,12,7,0
716807,2021.05.26,13:00:35,10.339267,-85.344527,16,-0.152,-0.016,0.293,9,27,2023,12,7,0
716807,2021.05.27,6:00:35,10.343601,-85.342414,16,-0.039,1.051,0.375,9,27,2023,12,7,0
716807,2021.05.27,13:00:34,10.340264,-85.342564,16,-0.621,1.129,0.102,9,27,2023,12,7,0
716807,2021.05.28,6:00:36,10.343494,-85.342167,16,0.168,-1.355,0.301,9,27,2023,12,7,0
716807,2021.05.28,13:00:34,10.341906,-85.342789,16,0.168,-1.355,0.301,9,27,2023,12,7,0
716807,2021.05.29,6:00:35,10.339674,-85.343465,16,-0.039,0.137,0.5,9,27,2023,12,7,0
716807,2021.05.29,13:00:35,10.339428,-85.345353,16,-0.039,0.137,0.5,9,27,2023,12,7,0
716807,2021.05.30,6:00:33,10.343494,-85.342178,16,-0.387,0.922,-0.176,9,27,2023,12,7,0
716807,2021.05.30,13:00:35,10.34197,-85.342671,16,0.234,-0.402,0.133,9,27,2023,12,7,0
716807,2021.05.31,6:00:35,10.341552,-85.342543,16,-0.004,-0.203,0.629,9,27,2023,12,7,0
716807,2021.05.31,13:00:35,10.339792,-85.343733,16,-0.219,0.617,0.812,9,27,2023,12,7,0
716807,2021.06.01,6:00:36,10.341198,-85.342682,16,-0.379,0.898,0.574,9,27,2023,12,7,0
716807,2021.06.01,13:00:36,10.339438,-85.343712,16,-0.379,0.898,0.574,9,27,2023,12,7,0
716807,2021.06.02,6:00:36,10.341734,-85.345783,16,-0.379,0.898,0.574,9,27,2023,12,7,0
716807,2021.06.02,13:00:34,10.340297,-85.346051,16,-0.379,0.898,0.574,9,27,2023,12,7,0
716807,2021.06.03,6:00:36,10.342024,-85.345718,16,-0.379,0.898,0.574,9,27,2023,12,7,0
716807,2021.06.03,13:00:36,10.339352,-85.34398,16,-0.379,0.898,0.574,9,27,2023,12,7,0
716807,2021.06.04,6:00:35,10.343494,-85.342167,16,-0.379,0.898,0.574,9,27,2023,12,7,0
716807,2021.06.04,13:00:35,10.339213,-85.343379,16,-0.379,0.898,0.574,9,27,2023,12,7,0
716807,2021.06.05,13:08:30,10.339835,-85.346276,16,-0.379,0.898,0.574,9,27,2023,12,7,0
716807,2021.06.06,6:01:25,10.339664,-85.344324,16,-2.043,1.332,-0.988,9,27,2023,12,7,0
716807,2021.06.06,13:00:35,10.339739,-85.345976,16,-2.043,1.332,-0.988,9,27,2023,12,7,0
716807,2021.06.07,6:00:51,10.339503,-85.344334,16,-2.043,1.332,-0.988,9,27,2023,12,7,0
716807,2021.06.07,13:00:34,10.339331,-85.345246,16,-2.043,1.332,-0.988,9,27,2023,12,7,0
716807,2021.06.08,6:00:33,10.340554,-85.342746,16,-2.043,1.332,-0.988,9,27,2023,12,7,0
716807,2021.06.08,13:00:35,10.339277,-85.344184,16,-2.043,1.332,-0.988,9,27,2023,12,7,0
716807,2021.06.09,6:00:35,10.343494,-85.342178,16,-2.043,1.332,-0.988,9,27,2023,12,7,0
716807,2021.06.09,13:00:35,10.339985,-85.343218,16,-2.043,1.332,-0.988,9,27,2023,12,7,0
716807,2021.06.10,6:00:36,10.341981,-85.342532,16,-2.043,1.332,-0.988,9,27,2023,12,7,0
716807,2021.06.10,13:40:52,10.34152,-85.342843,16,-2.043,1.332,-0.988,9,27,2023,12,7,0
716807,2021.06.11,6:00:34,10.343612,-85.342264,16,1.742,-0.379,-0.137,9,27,2023,12,7,0
716807,2021.06.11,13:00:36,10.343665,-85.345032,16,1.742,-0.379,-0.137,9,27,2023,12,7,0
716807,2021.06.12,6:00:34,10.343923,-85.342982,16,1.207,-1.238,-0.598,9,27,2023,12,7,1
716807,2021.06.12,13:00:34,10.343129,-85.342543,16,1.277,-1.547,0.039,9,27,2023,12,7,1
716807,2021.06.13,6:00:35,10.343494,-85.342156,16,1.277,-1.547,0.039,9,27,2023,12,7,1
716807,2021.06.13,13:00:34,10.343665,-85.342564,16,0.57,0.008,-0.207,9,27,2023,12,7,1
716807,2021.06.14,6:00:35,10.343505,-85.34221,16,0.57,0.008,-0.207,9,27,2023,12,7,1
716807,2021.06.14,13:05:34,10.343998,-85.342543,16,0.57,0.008,-0.207,9,27,2023,12,7,1
716807,2021.06.15,6:00:33,10.343483,-85.342296,16,0.113,0.699,1.277,9,27,2023,12,7,1
716807,2021.06.15,13:01:03,10.343891,-85.342457,16,0.113,0.699,1.277,9,27,2023,12,7,1
716807,2021.06.16,6:01:04,10.343698,-85.34236,16,-0.742,1.984,0.766,9,27,2023,12,7,1
716807,2021.06.16,13:00:35,10.34402,-85.342553,16,-0.742,1.984,0.766,9,27,2023,12,7,1
716807,2021.06.17,6:00:42,10.344138,-85.342467,16,0.227,-0.488,1.348,9,27,2023,12,7,1
716807,2021.06.17,13:00:33,10.343687,-85.342049,16,0.227,-0.488,1.348,9,27,2023,12,7,1
716807,2021.06.18,6:07:35,10.344009,-85.342564,16,0.227,-0.488,1.348,9,27,2023,12,7,1
716807,2021.06.18,13:00:34,10.343655,-85.342113,16,-0.07,0.754,0.527,9,27,2023,12,7,1
716807,2021.06.19,6:00:36,10.343526,-85.342006,16,-0.07,0.754,0.527,9,27,2023,12,7,1
716807,2021.06.19,13:06:04,10.343848,-85.342392,16,-0.797,2.156,0.117,9,27,2023,12,7,1
716807,2021.06.20,6:00:36,10.343848,-85.34177,16,-0.797,2.156,0.117,9,27,2023,12,7,1
716807,2021.06.20,13:04:07,10.343987,-85.342618,16,-0.328,0.348,0.578,9,27,2023,12,7,1
716807,2021.06.21,6:01:23,10.343891,-85.342339,16,-0.328,0.348,0.578,9,27,2023,12,7,1
716807,2021.06.21,13:00:51,10.344159,-85.342296,16,-0.328,0.348,0.578,9,27,2023,12,7,1
716807,2021.06.22,6:11:29,10.343955,-85.342585,16,-0.055,0.172,0.488,9,27,2023,12,7,1
716807,2021.06.22,13:00:35,10.343183,-85.342038,16,-0.055,0.172,0.488,9,27,2023,12,7,1
716807,2021.06.23,6:03:59,10.34402,-85.34251,16,0.457,0.238,-0.387,9,27,2023,12,7,1
716807,2021.06.23,13:02:35,10.344073,-85.342489,16,0.293,-0.102,-0.539,9,27,2023,12,7,1
716807,2021.06.24,6:00:35,10.343279,-85.34206,16,-0.16,0.156,-0.27,9,27,2023,12,7,1
716807,2021.06.24,13:01:03,10.343987,-85.342435,16,-0.16,0.156,-0.27,9,27,2023,12,7,1
716807,2021.06.25,6:00:34,10.343462,-85.342167,16,-0.812,0.035,-0.027,9,27,2023,12,7,1
716807,2021.06.25,13:01:56,10.343462,-85.342221,16,0.25,-0.453,-0.062,9,27,2023,12,7,1
716807,2021.06.26,6:01:05,10.343912,-85.3425,16,0.25,-0.453,-0.062,9,27,2023,12,7,1
716807,2021.06.26,13:02:34,10.343944,-85.342575,16,-0.191,-0.391,0.539,9,27,2023,12,7,1
716807,2021.06.28,13:00:36,10.343451,-85.34207,16,-0.191,-0.391,0.539,9,27,2023,12,7,1
716807,2021.06.29,6:00:35,10.343193,-85.341899,16,-0.191,-0.391,0.539,9,27,2023,12,7,1
716807,2021.06.29,13:00:35,10.343923,-85.342446,16,-0.191,-0.391,0.539,9,27,2023,12,7,1
716807,2021.06.30,6:00:34,10.343236,-85.341867,16,0.098,1.016,-0.371,9,27,2023,12,7,1
716807,2021.06.30,13:00:34,10.34358,-85.342156,16,0.098,1.016,-0.371,9,27,2023,12,7,1
716807,2021.07.01,6:04:35,10.343783,-85.342049,16,0.098,1.016,-0.371,9,27,2023,12,7,1
716807,2021.07.01,13:03:23,10.34329,-85.342113,16,-0.285,-0.805,0.691,9,27,2023,12,7,1
716807,2021.07.02,6:01:20,10.343483,-85.342092,16,-0.285,-0.805,0.691,9,27,2023,12,7,1
716807,2021.07.02,13:00:37,10.343226,-85.342028,16,-0.379,1.008,-0.785,9,27,2023,12,7,1
716807,2021.07.03,6:00:34,10.343236,-85.34177,16,-0.379,1.008,-0.785,9,27,2023,12,7,1
716807,2021.07.03,13:00:35,10.343419,-85.342199,16,0.328,-0.453,-0.492,9,27,2023,12,7,1
716807,2021.07.04,6:00:37,10.343322,-85.341974,16,0.328,-0.453,-0.492,9,27,2023,12,7,1
716807,2021.07.04,13:05:21,10.343054,-85.342253,16,0.328,-0.453,-0.492,9,27,2023,12,7,1
716807,2021.07.05,13:00:34,10.343279,-85.342124,16,1.402,-1.066,-0.953,9,27,2023,12,7,1
716807,2021.07.06,6:00:36,10.34314,-85.341834,16,1.402,-1.066,-0.953,9,27,2023,12,7,1
716807,2021.07.07,6:00:35,10.34329,-85.342006,16,-0.184,-0.824,0.93,9,27,2023,12,7,1
716807,2021.07.08,6:00:53,10.343408,-85.342124,16,-0.184,-0.824,0.93,9,27,2023,12,7,1
716807,2021.07.08,13:13:57,10.343097,-85.342253,16,-0.23,-1.211,0.574,9,27,2023,12,7,1
716807,2021.07.09,6:07:06,10.343301,-85.342038,16,-0.23,-1.211,0.574,9,27,2023,12,7,1
716807,2021.07.10,6:01:26,10.343301,-85.342146,16,-0.23,-1.211,0.574,9,27,2023,12,7,1
716807,2021.07.10,13:01:56,10.343097,-85.342242,16,-0.23,-1.211,0.574,9,27,2023,12,7,2
716807,2021.07.11,6:01:54,10.343279,-85.342124,16,-0.23,-1.211,0.574,9,27,2023,12,7,2
716807,2021.07.11,13:15:03,10.343408,-85.342199,16,-0.02,0.355,-0.027,9,27,2023,12,7,2
716807,2021.07.12,6:27:36,10.343483,-85.342135,16,-0.02,0.355,-0.027,9,27,2023,12,7,2
716807,2021.07.12,6:27:36,10.343483,-85.342135,16,-0.023,1.145,-0.062,9,27,2023,12,7,2
716807,2021.07.12,13:06:00,10.343387,-85.342156,16,-0.023,1.145,-0.062,9,27,2023,12,7,2
716807,2021.07.13,6:00:56,10.343247,-85.342006,16,-0.023,1.145,-0.062,9,27,2023,12,7,2
716807,2021.07.13,13:11:07,10.343108,-85.342178,16,-0.434,0.742,0.555,9,27,2023,12,7,2
716807,2021.07.14,6:00:34,10.343462,-85.342081,16,-0.434,0.742,0.555,9,27,2023,12,7,2
716807,2021.07.14,13:01:51,10.343215,-85.342178,16,-0.434,0.469,0.859,9,27,2023,12,7,2
716807,2021.07.15,6:01:29,10.343215,-85.342017,16,-0.434,0.469,0.859,9,27,2023,12,7,2
716807,2021.07.15,14:47:43,10.343644,-85.342403,16,0.285,1.203,-0.551,9,27,2023,12,7,2
716807,2021.07.16,6:08:59,10.343311,-85.342006,16,0.285,1.203,-0.551,9,27,2023,12,7,2
716807,2021.07.16,15:31:06,10.343601,-85.342564,16,0.422,1.027,0.793,9,27,2023,12,7,2
716807,2021.07.17,6:00:35,10.343043,-85.341802,16,0.422,1.027,0.793,9,27,2023,12,7,2
716807,2021.07.17,13:04:31,10.343505,-85.342113,16,0.422,1.027,0.793,9,27,2023,12,7,2
716807,2021.07.18,6:00:33,10.343183,-85.341942,16,0.57,0.535,0.055,9,27,2023,12,7,2
716807,2021.07.18,13:19:03,10.343429,-85.342199,16,0.57,0.535,0.055,9,27,2023,12,7,2
716807,2021.07.19,6:00:36,10.343086,-85.341813,16,0.562,0.34,-0.195,9,27,2023,12,7,2
716807,2021.07.19,13:16:00,10.343161,-85.342264,16,0.562,0.34,-0.195,9,27,2023,12,7,2
716807,2021.07.19,13:16:00,10.343161,-85.342264,16,1.066,0.129,-0.473,9,27,2023,12,7,2
716807,2021.07.20,6:36:50,10.343118,-85.342231,16,1.066,0.129,-0.473,9,27,2023,12,7,2
716807,2021.07.20,13:15:34,10.34344,-85.342146,16,1.066,0.129,-0.473,9,27,2023,12,7,2
716807,2021.07.21,6:09:43,10.343226,-85.342092,16,1.066,0.129,-0.473,9,27,2023,12,7,2
716807,2021.07.21,13:04:26,10.343204,-85.342135,16,1.066,0.129,-0.473,9,27,2023,12,7,2
716807,2021.07.22,6:00:34,10.343226,-85.341813,16,0.457,-0.199,0.516,9,27,2023,12,7,2
716807,2021.07.22,13:00:53,10.344084,-85.3425,16,0.457,-0.199,0.516,9,27,2023,12,7,2
716807,2021.07.23,6:00:35,10.343236,-85.341824,16,0,0.137,1.121,9,27,2023,12,7,2
716807,2021.07.23,13:00:37,10.343869,-85.342264,16,0,0.137,1.121,9,27,2023,12,7,2
716807,2021.07.24,6:00:34,10.343075,-85.341888,16,0,0.137,1.121,9,27,2023,12,7,2
716807,2021.07.24,13:00:36,10.343215,-85.34206,16,0,0.137,1.121,9,27,2023,12,7,2
716807,2021.07.25,6:06:10,10.343269,-85.341952,16,0,0.137,1.121,9,27,2023,12,7,2
716807,2021.07.25,13:08:23,10.343226,-85.341985,16,1.445,0.859,-0.781,9,27,2023,12,7,2
716807,2021.07.26,6:00:33,10.343226,-85.341899,16,1.445,0.859,-0.781,9,27,2023,12,7,2
716807,2021.07.26,13:00:35,10.343086,-85.341856,16,1.445,0.859,-0.781,9,27,2023,12,7,2
716807,2021.07.27,6:00:36,10.343226,-85.341877,16,1.445,0.859,-0.781,9,27,2023,12,7,2
716807,2021.07.27,13:00:38,10.34329,-85.342017,16,1.445,0.859,-0.781,9,27,2023,12,7,2
716807,2021.07.28,6:00:37,10.343193,-85.341824,16,1.445,0.859,-0.781,9,27,2023,12,7,2
716807,2021.07.28,13:03:54,10.343161,-85.342167,16,1.445,0.859,-0.781,9,27,2023,12,7,2
716807,2021.07.29,6:23:23,10.343269,-85.34206,16,1.445,0.859,-0.781,9,27,2023,12,7,2
716807,2021.07.29,13:07:35,10.34314,-85.342382,16,0.402,0.059,0.188,9,27,2023,12,7,2
716807,2021.07.30,7:00:05,10.343204,-85.342167,16,0.402,0.059,0.188,9,27,2023,12,7,2
716807,2021.07.30,13:09:08,10.343955,-85.342414,16,0.402,0.059,0.188,9,27,2023,12,7,2
716807,2021.07.31,6:00:35,10.343215,-85.34192,16,0.402,0.059,0.188,9,27,2023,12,7,2
716807,2021.07.31,13:27:06,10.343333,-85.342135,16,0.402,0.059,0.188,9,27,2023,12,7,2
716807,2021.07.31,13:27:06,10.343333,-85.342135,16,0.402,0.059,0.188,9,27,2023,12,7,2
716807,2021.08.01,6:00:35,10.343301,-85.342049,16,-0.039,0.434,0.578,9,27,2023,12,7,2
716807,2021.08.01,13:22:59,10.343161,-85.342264,16,-0.039,0.434,0.578,9,27,2023,12,7,2
716807,2021.08.02,6:00:36,10.343183,-85.341899,16,-0.039,0.434,0.578,9,27,2023,12,7,2
716807,2021.08.02,13:11:37,10.343097,-85.342414,16,-0.039,0.434,0.578,9,27,2023,12,7,2
716807,2021.08.03,6:00:36,10.343129,-85.341888,16,-0.039,0.434,0.578,9,27,2023,12,7,3
716807,2021.08.03,13:07:58,10.342979,-85.342467,16,-0.039,0.434,0.578,9,27,2023,12,7,3
716807,2021.08.04,6:02:14,10.343837,-85.342414,16,-0.039,0.434,0.578,9,27,2023,12,7,3
716807,2021.08.04,13:45:07,10.343601,-85.342425,16,-0.039,0.434,0.578,9,27,2023,12,7,3
716807,2021.08.05,6:00:37,10.343247,-85.341952,16,-0.039,0.434,0.578,9,27,2023,12,7,3
716807,2021.08.05,13:24:42,10.343633,-85.3425,16,-0.039,0.434,0.578,9,27,2023,12,7,3
716807,2021.08.06,6:00:35,10.34314,-85.341888,16,-0.289,0.18,0.398,9,27,2023,12,7,3
716807,2021.08.06,13:04:46,10.343322,-85.342038,16,0.031,0.172,0.473,9,27,2023,12,7,3
716807,2021.08.07,6:01:37,10.343226,-85.342028,16,0.031,0.172,0.473,9,27,2023,12,7,3
716807,2021.08.07,13:00:40,10.343623,-85.342135,16,0.031,0.172,0.473,9,27,2023,12,7,3
716807,2021.08.08,6:00:35,10.343161,-85.341888,16,0.031,0.172,0.473,9,27,2023,12,7,3
716807,2021.08.08,13:22:07,10.343794,-85.34192,16,0.031,0.172,0.473,9,27,2023,12,7,3
716807,2021.08.08,13:22:07,10.343794,-85.34192,16,0.031,0.172,0.473,9,27,2023,12,7,3
716807,2021.08.09,6:02:55,10.343687,-85.34207,16,0.031,0.172,0.473,9,27,2023,12,7,3
716807,2021.08.09,13:22:05,10.343215,-85.342242,16,0.031,0.172,0.473,9,27,2023,12,7,3
716807,2021.08.10,6:08:35,10.343226,-85.341942,16,0.031,0.172,0.473,9,27,2023,12,7,3
716807,2021.08.10,13:00:52,10.343118,-85.342124,16,0.031,0.172,0.473,9,27,2023,12,7,3
716807,2021.08.11,6:00:37,10.342968,-85.342478,16,-0.582,-0.57,0.223,9,27,2023,12,7,3
716807,2021.08.11,14:51:12,10.343955,-85.342628,16,-0.582,-0.57,0.223,9,27,2023,12,7,3
716807,2021.08.12,6:00:36,10.343118,-85.341952,16,-0.582,-0.57,0.223,9,27,2023,12,7,3
716807,2021.08.12,13:12:02,10.343387,-85.342274,16,-0.582,-0.57,0.223,9,27,2023,12,7,3
716807,2021.08.13,6:23:34,10.343944,-85.342317,16,-0.582,-0.57,0.223,9,27,2023,12,7,3
716807,2021.08.13,13:55:21,10.343301,-85.342146,16,-0.582,-0.57,0.223,9,27,2023,12,7,3
716807,2021.08.14,6:00:50,10.343183,-85.341985,16,-0.582,-0.57,0.223,9,27,2023,12,7,3
716807,2021.08.14,13:41:57,10.343215,-85.34236,16,-0.582,-0.57,0.223,9,27,2023,12,7,3
716807,2021.08.15,6:09:07,10.343601,-85.342146,16,-0.582,-0.57,0.223,9,27,2023,12,7,3
716807,2021.08.15,13:34:15,10.343204,-85.342081,16,-0.582,-0.57,0.223,9,27,2023,12,7,3
716807,2021.08.16,6:15:39,10.343193,-85.342135,16,-0.582,-0.57,0.223,9,27,2023,12,7,3
716807,2021.08.16,13:23:30,10.343269,-85.341985,16,-0.582,-0.57,0.223,9,27,2023,12,7,3
716807,2021.08.16,13:23:30,10.343269,-85.341985,16,-0.883,-0.672,-0.535,9,27,2023,12,7,3
716807,2021.08.17,6:00:36,10.343183,-85.341867,16,-0.883,-0.672,-0.535,9,27,2023,12,7,3
716807,2021.08.17,14:11:06,10.343183,-85.342317,16,-0.949,-1.094,-0.484,9,27,2023,12,7,3
716807,2021.08.18,6:19:42,10.343226,-85.342028,16,-0.949,-1.094,-0.484,9,27,2023,12,7,3
716807,2021.08.18,14:09:01,10.34359,-85.341566,16,-0.949,-1.094,-0.484,9,27,2023,12,7,3
716807,2021.08.18,14:09:01,10.34359,-85.341566,16,-0.949,-1.094,-0.484,9,27,2023,12,7,3
716807,2021.08.19,6:00:38,10.343097,-85.341813,16,-0.949,-1.094,-0.484,9,27,2023,12,7,3
716807,2021.08.19,13:29:34,10.343698,-85.34207,16,0.082,-0.773,-0.121,9,27,2023,12,7,3
716807,2021.08.20,6:04:29,10.343204,-85.341942,16,0.082,-0.773,-0.121,9,27,2023,12,7,3
716807,2021.08.21,6:00:35,10.343043,-85.341792,16,0.242,-0.391,-0.574,9,27,2023,12,7,3
716807,2021.08.21,16:41:06,10.343719,-85.342349,16,0.109,-0.355,-0.629,9,27,2023,12,7,3
716807,2021.08.22,6:00:36,10.343193,-85.341942,16,0.109,-0.355,-0.629,9,27,2023,12,7,3
716807,2021.08.22,13:10:02,10.343569,-85.342403,16,0.109,-0.355,-0.629,9,27,2023,12,7,3
716807,2021.08.23,6:00:35,10.343204,-85.341899,16,0.109,-0.355,-0.629,9,27,2023,12,7,3
716807,2021.08.23,14:28:36,10.343794,-85.342446,16,-0.789,-0.312,0,9,27,2023,12,7,3
716807,2021.08.24,6:22:08,10.343279,-85.342028,16,-0.465,-0.098,-0.246,9,27,2023,12,7,3
716807,2021.08.24,13:07:36,10.343301,-85.34207,16,-0.465,-0.098,-0.246,9,27,2023,12,7,3
716807,2021.08.25,6:00:36,10.343065,-85.341781,16,-0.121,0.238,0.465,9,27,2023,12,7,3
716807,2021.08.26,14:40:32,10.343826,-85.341738,16,-0.184,0.27,0.629,9,27,2023,12,7,3
716807,2021.08.27,6:27:06,10.343043,-85.341727,16,-0.184,0.27,0.629,9,27,2023,12,7,3
716807,2021.08.27,6:27:06,10.343043,-85.341727,16,0.344,0.086,-0.023,9,27,2023,12,7,3
716807,2021.08.27,13:17:36,10.343354,-85.342038,16,0.68,-0.16,-0.047,9,27,2023,12,7,4
716807,2021.08.28,6:01:31,10.343226,-85.342006,16,0.621,-0.289,0.16,9,27,2023,12,7,4
716807,2021.08.28,15:52:36,10.34358,-85.34177,16,-0.184,-0.305,0.168,9,27,2023,12,7,4
716807,2021.08.29,6:00:42,10.343054,-85.341749,16,-0.445,-0.633,0.176,9,27,2023,12,7,4
716807,2021.08.29,13:00:35,10.343934,-85.342371,16,-0.168,-0.781,-0.09,9,27,2023,12,7,4
716807,2021.08.30,6:21:54,10.343311,-85.342081,16,-0.168,-0.68,-0.145,9,27,2023,12,7,4
716807,2021.08.30,14:30:03,10.343118,-85.342661,16,-0.445,-0.773,0.117,9,27,2023,12,7,4
716807,2021.08.30,14:30:03,10.343118,-85.342661,16,-0.445,-0.773,0.117,9,27,2023,12,7,4
716807,2021.08.31,6:00:35,10.343354,-85.341985,16,-0.207,0,-0.512,9,27,2023,12,7,4
716807,2021.08.31,14:15:26,10.34314,-85.342725,16,-0.027,0.004,-0.902,9,27,2023,12,7,4
716807,2021.09.01,14:25:20,10.343783,-85.3425,16,0.324,0.578,-0.812,9,27,2023,12,7,4
716807,2021.09.02,6:32:56,10.343172,-85.342178,16,0.324,0.578,-0.812,9,27,2023,12,7,4
716807,2021.09.02,18:01:37,10.343869,-85.342081,16,0.324,0.578,-0.812,9,27,2023,12,7,4
716807,2021.09.03,16:13:25,10.343472,-85.341673,16,-0.465,-2.078,0.543,9,27,2023,12,7,4
716807,2021.09.04,6:19:36,10.34329,-85.342489,16,-0.465,-2.078,0.543,9,27,2023,12,7,4
716807,2021.09.05,6:00:48,10.344148,-85.341137,16,-0.465,-2.078,0.543,9,27,2023,12,7,4
716807,2021.09.05,15:35:01,10.343773,-85.340933,16,-0.465,-2.078,0.543,9,27,2023,12,7,4
716807,2021.09.06,13:05:05,10.343354,-85.342714,16,-0.465,-2.078,0.543,9,27,2023,12,7,4
716807,2021.09.07,6:03:06,10.344138,-85.342392,16,2.012,1.074,0.723,9,27,2023,12,7,4
716807,2021.09.07,13:00:41,10.344223,-85.342349,16,1.605,1.23,0.48,9,27,2023,12,7,4
716807,2021.09.08,9:12:02,10.344191,-85.342242,16,0.688,0.77,0.234,9,27,2023,12,7,4
716807,2021.09.08,13:01:00,10.344266,-85.342425,16,0.297,-0.871,0.363,9,27,2023,12,7,4
716807,2021.09.09,6:00:42,10.343998,-85.34118,16,0.551,-0.828,0.473,9,27,2023,12,7,4
716807,2021.09.10,6:01:47,10.343108,-85.341824,16,0.551,-0.828,0.473,9,27,2023,12,7,4
716807,2021.09.11,6:45:28,10.343902,-85.342296,16,1.035,-2.539,0.828,9,27,2023,12,7,4
716807,2021.09.12,6:01:01,10.344245,-85.342253,16,1.035,-2.539,0.828,9,27,2023,12,7,4
716807,2021.09.12,13:35:36,10.34329,-85.342017,16,1.035,-2.539,0.828,9,27,2023,12,7,4
716807,2021.09.12,13:35:36,10.34329,-85.342017,16,0.848,-1.27,-0.648,9,27,2023,12,7,4
716807,2021.09.13,17:08:06,10.343483,-85.342296,16,0.875,-0.773,-1.156,9,27,2023,12,7,4
716807,2021.09.14,6:02:11,10.343333,-85.342124,16,0.875,-0.773,-1.156,9,27,2023,12,7,4
716807,2021.09.14,14:49:01,10.343032,-85.342435,16,0.875,-0.773,-1.156,9,27,2023,12,7,4
716807,2021.09.14,14:49:01,10.343032,-85.342435,16,0.875,-0.773,-1.156,9,27,2023,12,7,4
716807,2021.09.15,6:12:35,10.34358,-85.34207,16,-0.461,-0.684,-2.07,9,27,2023,12,7,4
716807,2021.09.15,13:00:35,10.343869,-85.343369,16,-0.516,-0.746,-1.672,9,27,2023,12,7,4
716807,2021.09.16,14:30:25,10.343708,-85.341341,16,-0.977,-1.828,-0.512,9,27,2023,12,7,4
716807,2021.09.16,14:30:25,10.343708,-85.341341,16,-1.047,-1.375,-0.176,9,27,2023,12,7,4
716807,2021.09.17,7:18:25,10.343966,-85.341234,16,-1.047,-1.375,-0.176,9,27,2023,12,7,4
716807,2021.09.17,16:42:08,10.343526,-85.341738,16,-1.047,-1.375,-0.176,9,27,2023,12,7,4
716807,2021.09.18,6:00:51,10.344159,-85.340944,16,-1.047,-1.375,-0.176,9,27,2023,12,7,4
716807,2021.09.19,13:05:00,10.343376,-85.342575,16,-1.047,-1.375,-0.176,9,27,2023,12,7,4
716807,2021.09.20,6:00:37,10.344277,-85.342618,16,-1.047,-1.375,-0.176,9,27,2023,12,7,4
716807,2021.09.21,6:01:01,10.344298,-85.342167,16,-1.047,-1.375,-0.176,9,27,2023,12,7,4
716807,2021.09.23,6:31:05,10.343193,-85.341942,16,-1.047,-1.375,-0.176,9,27,2023,12,7,4
716807,2021.09.23,6:31:05,10.343193,-85.341942,16,-1.047,-1.375,-0.176,9,27,2023,12,7,4
716807,2021.09.24,6:01:07,10.343987,-85.341341,16,-1.047,-1.375,-0.176,9,27,2023,12,7,4
716807,2021.09.25,6:00:48,10.343891,-85.341341,16,0.062,0.105,-0.652,9,27,2023,12,7,4
716807,2021.09.27,6:31:35,10.343269,-85.342457,16,0.18,-0.484,-0.414,9,27,2023,12,7,4
716807,2021.09.30,6:01:10,10.344256,-85.342457,16,0.18,-0.484,-0.414,9,27,2023,12,7,4
716807,2021.09.30,13:00:36,10.344277,-85.34206,16,0.211,-0.918,-0.605,9,27,2023,12,7,4
716807,2021.10.01,6:00:50,10.344009,-85.341588,16,0.211,-0.918,-0.605,9,27,2023,12,7,4
716807,2021.10.01,13:00:37,10.343837,-85.341609,16,-0.352,-0.516,-0.215,9,27,2023,12,7,5
716807,2021.10.02,6:01:07,10.343816,-85.341234,16,-0.352,-0.516,-0.215,9,27,2023,12,7,5
716807,2021.10.03,13:05:26,10.343269,-85.342006,16,-0.352,-0.516,-0.215,9,27,2023,12,7,5
716807,2021.10.05,6:00:51,10.343902,-85.341577,16,-0.352,-0.516,-0.215,9,27,2023,12,7,5
716807,2021.10.07,6:32:25,10.343354,-85.342135,16,-0.352,-0.516,-0.215,9,27,2023,12,7,5
716807,2021.10.07,6:32:25,10.343354,-85.342135,16,-0.641,-0.723,2.09,9,27,2023,12,7,5
716807,2021.10.08,6:01:30,10.344331,-85.342446,16,-0.641,-0.723,2.09,9,27,2023,12,7,5
716807,2021.10.09,6:00:43,10.343923,-85.341287,16,-2.094,-0.18,0.988,9,27,2023,12,7,5
716807,2021.10.10,6:00:56,10.343419,-85.341223,16,-2.094,-0.18,0.988,9,27,2023,12,7,5
716807,2021.10.11,6:00:46,10.343955,-85.341298,16,-0.641,1.418,1.883,9,27,2023,12,7,5
716807,2021.10.11,13:07:06,10.34373,-85.341673,16,-0.641,1.418,1.883,9,27,2023,12,7,5
716807,2021.10.12,6:01:09,10.344041,-85.341341,16,-0.641,1.418,1.883,9,27,2023,12,7,5
716807,2021.10.12,13:46:20,10.343955,-85.341405,16,-0.641,1.418,1.883,9,27,2023,12,7,5
716807,2021.10.14,15:31:42,10.343558,-85.342124,16,-0.641,1.418,1.883,9,27,2023,12,7,5
716807,2021.10.14,15:31:42,10.343558,-85.342124,16,1.098,0.625,-1.488,9,27,2023,12,7,5
716807,2021.10.15,6:00:51,10.343708,-85.341159,16,1.098,0.625,-1.488,9,27,2023,12,7,5
716807,2021.10.16,6:03:42,10.344245,-85.341673,16,2.961,1.82,-2.613,9,27,2023,12,7,5
716807,2021.10.17,6:00:52,10.343966,-85.341352,16,2.961,1.82,-2.613,9,27,2023,12,7,5
716807,2021.10.18,6:01:02,10.343998,-85.341448,16,2.961,1.82,-2.613,9,27,2023,12,7,5
716807,2021.10.18,13:00:51,10.343987,-85.341405,16,2.961,1.82,-2.613,9,27,2023,12,7,5
716807,2021.10.19,6:00:54,10.343944,-85.341277,16,2.961,1.82,-2.613,9,27,2023,12,7,5
716807,2021.10.21,6:00:40,10.344234,-85.342135,16,-0.137,-0.805,0.586,9,27,2023,12,7,5
716807,2021.10.21,18:23:38,10.343966,-85.342339,16,-0.137,-0.805,0.586,9,27,2023,12,7,5
716807,2021.10.22,6:09:07,10.343902,-85.341523,16,-0.141,0.473,-0.402,9,27,2023,12,7,5
716807,2021.10.23,6:04:32,10.344062,-85.341148,16,-0.141,0.473,-0.402,9,27,2023,12,7,5
716807,2021.10.23,14:51:12,10.343912,-85.341459,16,-0.141,0.473,-0.402,9,27,2023,12,7,5
716807,2021.10.24,6:00:50,10.343977,-85.341116,16,-0.141,0.473,-0.402,9,27,2023,12,7,5
716807,2021.10.24,13:00:51,10.344116,-85.341116,16,-0.141,0.473,-0.402,9,27,2023,12,7,5
716807,2021.10.25,7:29:55,10.343902,-85.341437,16,-0.645,0.27,0.379,9,27,2023,12,7,5
716807,2021.10.25,13:00:50,10.344052,-85.341255,16,-0.645,0.27,0.379,9,27,2023,12,7,5
716807,2021.10.26,6:02:06,10.343698,-85.341652,16,-0.414,0.109,0.344,9,27,2023,12,7,5
716807,2021.10.27,8:34:26,10.343944,-85.341352,16,-0.414,0.109,0.344,9,27,2023,12,7,5
716807,2021.10.28,7:59:36,10.343912,-85.341427,16,-0.414,0.109,0.344,9,27,2023,12,7,5
716807,2021.10.28,15:51:59,10.343719,-85.341201,16,-0.414,0.109,0.344,9,27,2023,12,7,5
716807,2021.10.28,15:51:59,10.343719,-85.341201,16,-0.414,0.109,0.344,9,27,2023,12,7,5
716807,2021.10.30,6:33:59,10.343204,-85.341942,16,-0.414,0.109,0.344,9,27,2023,12,7,5
716807,2021.10.30,14:59:32,10.34359,-85.342596,16,-0.211,-0.328,-0.125,9,27,2023,12,7,5
716807,2021.10.31,6:17:22,10.343419,-85.342489,16,-0.211,-0.328,-0.125,9,27,2023,12,7,5
716807,2021.10.31,13:56:27,10.342861,-85.3428,16,-0.211,-0.328,-0.125,9,27,2023,12,7,5
716807,2021.11.01,6:59:55,10.343987,-85.342371,16,-0.34,-0.266,0.48,9,27,2023,12,7,5
716807,2021.11.01,6:59:55,10.343987,-85.342371,16,-0.34,-0.266,0.48,9,27,2023,12,7,5
716807,2021.11.01,13:00:40,10.344213,-85.342446,16,-0.34,-0.266,0.48,9,27,2023,12,7,5
716807,2021.11.02,7:13:06,10.344127,-85.342371,16,-0.57,-0.887,0.41,9,27,2023,12,7,5
716807,2021.11.02,13:05:32,10.344288,-85.342231,16,-0.57,-0.887,0.41,9,27,2023,12,7,5
716807,2021.11.03,6:04:36,10.344052,-85.3425,16,-0.293,-0.059,-1.059,9,27,2023,12,7,5
716807,2021.11.03,13:01:58,10.344266,-85.342188,16,-0.293,-0.059,-1.059,9,27,2023,12,7,5
716807,2021.11.04,7:24:35,10.343429,-85.342146,16,-0.293,-0.059,-1.059,9,27,2023,12,7,5
716807,2021.11.05,6:00:51,10.344266,-85.342306,16,-0.293,-0.059,-1.059,9,27,2023,12,7,5
716807,2021.11.06,7:54:09,10.344245,-85.344903,16,-0.293,-0.059,-1.059,9,27,2023,12,7,5
716807,2021.11.07,6:21:02,10.344159,-85.344742,16,-0.293,-0.059,-1.059,9,27,2023,12,7,5
716807,2021.11.07,14:42:25,10.343462,-85.343927,16,-0.293,-0.059,-1.059,9,27,2023,12,7,6
716807,2021.11.07,14:42:25,10.343462,-85.343927,16,-0.293,-0.059,-1.059,9,27,2023,12,7,6
716807,2021.11.08,16:37:01,10.343783,-85.341716,16,-0.293,-0.059,-1.059,9,27,2023,12,7,6
716807,2021.11.09,8:33:12,10.343751,-85.341395,16,-0.293,-0.059,-1.059,9,27,2023,12,7,6
716807,2021.11.09,13:28:09,10.343751,-85.341416,16,-0.293,-0.059,-1.059,9,27,2023,12,7,6
716807,2021.11.11,13:37:55,10.34388,-85.341545,16,-0.293,-0.059,-1.059,9,27,2023,12,7,6
716807,2021.11.11,13:37:55,10.34388,-85.341545,16,-0.293,-0.059,-1.059,9,27,2023,12,7,6
716807,2021.11.12,6:00:54,10.344009,-85.341266,16,-0.293,-0.059,-1.059,9,27,2023,12,7,6
716807,2021.11.13,6:00:51,10.343977,-85.341341,16,-0.293,-0.059,-1.059,9,27,2023,12,7,6
716807,2021.11.13,13:00:39,10.343944,-85.341384,16,-0.293,-0.059,-1.059,9,27,2023,12,7,6
716807,2021.11.14,6:00:55,10.343526,-85.341749,16,-0.293,-0.059,-1.059,9,27,2023,12,7,6
716807,2021.11.14,19:36:07,10.343783,-85.341566,16,-0.293,-0.059,-1.059,9,27,2023,12,7,6
716807,2021.11.15,13:00:39,10.344223,-85.342081,16,-0.293,-0.059,-1.059,9,27,2023,12,7,6
716807,2021.11.17,7:11:05,10.343676,-85.342661,16,-0.293,-0.059,-1.059,9,27,2023,12,7,6
716807,2021.11.17,13:00:55,10.344266,-85.342199,16,-0.293,-0.059,-1.059,9,27,2023,12,7,6
716807,2021.11.18,6:03:46,10.344277,-85.342178,16,-0.293,-0.059,-1.059,9,27,2023,12,7,6
716807,2021.11.19,6:27:11,10.343129,-85.342006,16,-0.293,-0.059,-1.059,9,27,2023,12,7,6
716807,2021.11.19,6:27:11,10.343129,-85.342006,16,-0.293,-0.059,-1.059,9,27,2023,12,7,6
716807,2021.11.22,6:01:01,10.343665,-85.341555,16,-0.293,-0.059,-1.059,9,27,2023,12,7,6
716807,2021.11.23,13:01:00,10.343741,-85.343519,16,0.082,1.668,-0.32,9,27,2023,12,7,6
716807,2021.11.24,6:08:05,10.344105,-85.345064,16,0.387,0.762,0.23,9,27,2023,12,7,6
716807,2021.11.25,6:17:01,10.34403,-85.344345,16,0.387,0.762,0.23,9,27,2023,12,7,6
716807,2021.11.25,6:17:01,10.34403,-85.344345,16,0.387,0.762,0.23,9,27,2023,12,7,6
716807,2021.11.25,14:04:59,10.344116,-85.344881,16,0.41,1.102,0.098,9,27,2023,12,7,6
716807,2021.11.26,15:07:36,10.344009,-85.342564,16,0.41,1.102,0.098,9,27,2023,12,7,6
716807,2021.11.26,15:07:36,10.344009,-85.342564,16,0.211,-0.75,1.309,9,27,2023,12,7,6
716807,2021.11.27,6:00:38,10.342936,-85.341609,16,0.211,-0.75,1.309,9,27,2023,12,7,6
716807,2021.11.27,13:00:33,10.342968,-85.341555,16,0.074,-1.031,0.391,9,27,2023,12,7,6
716807,2021.11.28,6:01:25,10.344256,-85.342156,16,0.074,-1.031,0.391,9,27,2023,12,7,6
716807,2021.11.28,13:01:07,10.344213,-85.342274,16,-0.094,-1.184,0.004,9,27,2023,12,7,6
716807,2021.11.29,6:00:37,10.343,-85.341706,16,-0.094,-1.184,0.004,9,27,2023,12,7,6
716807,2021.11.29,13:00:49,10.342936,-85.341609,16,-0.094,-1.184,0.004,9,27,2023,12,7,6
716807,2021.11.30,6:00:36,10.342936,-85.341598,16,-0.156,0.25,-0.82,9,27,2023,12,7,6
716807,2021.11.30,13:00:35,10.343022,-85.341727,16,-0.156,0.25,-0.82,9,27,2023,12,7,6
716807,2021.12.01,13:02:08,10.344256,-85.342178,16,-0.07,-0.012,-0.156,9,27,2023,12,7,6
716807,2021.12.02,6:05:11,10.344245,-85.34221,16,0.07,-0.051,-0.086,9,27,2023,12,7,6
716807,2021.12.02,13:06:06,10.344191,-85.342607,16,-0.023,0.355,-0.324,9,27,2023,12,7,6
716807,2021.12.03,13:46:00,10.343419,-85.342457,16,0,0.656,-0.324,9,27,2023,12,7,6
716807,2021.12.04,6:01:00,10.344202,-85.342306,16,0.031,0.738,-0.102,9,27,2023,12,7,6
716807,2021.12.05,6:19:32,10.343569,-85.342532,16,0.016,0.586,-0.035,9,27,2023,12,7,6
716807,2021.12.05,13:09:25,10.343773,-85.342028,16,0.246,0.203,0.164,9,27,2023,12,7,6
716807,2021.12.06,6:00:36,10.343376,-85.341684,16,0.652,0.332,-0.41,9,27,2023,12,7,6
716807,2021.12.06,13:00:34,10.343505,-85.342017,16,0.766,0.469,-0.402,9,27,2023,12,7,6
716807,2021.12.07,6:00:56,10.343483,-85.341491,16,0.445,0.02,0.512,9,27,2023,12,7,6
716807,2021.12.07,13:00:37,10.343344,-85.341985,16,0.23,-0.523,1.039,9,27,2023,12,7,6
716807,2021.12.08,6:00:34,10.343376,-85.34118,16,-0.027,-0.227,0.914,9,27,2023,12,7,6
716807,2021.12.09,6:00:35,10.343934,-85.340365,16,-0.027,-0.227,0.914,9,27,2023,12,7,6
716807,2021.12.10,13:39:30,10.343505,-85.341577,16,-0.027,-0.227,0.914,9,27,2023,12,7,6
716807,2021.12.11,13:14:25,10.343515,-85.342017,16,-0.852,-1.418,1.062,9,27,2023,12,7,6
716807,2021.12.12,6:12:21,10.343483,-85.34162,16,-0.602,-1.242,0.266,9,27,2023,12,7,6
716807,2021.12.12,13:25:31,10.34373,-85.342017,16,-0.273,-0.309,-0.957,9,27,2023,12,7,7
716807,2021.12.13,6:03:26,10.343558,-85.341362,16,-0.238,-0.109,-1.305,9,27,2023,12,7,7
716807,2021.12.13,13:13:07,10.343783,-85.341534,16,0.074,-0.027,-1.664,9,27,2023,12,7,7
716807,2021.12.14,6:00:41,10.34373,-85.341652,16,0.195,0.102,-1.801,9,27,2023,12,7,7
716807,2021.12.14,13:04:06,10.343226,-85.342038,16,0.195,0.102,-1.801,9,27,2023,12,7,7
716807,2021.12.15,6:37:55,10.343655,-85.341663,16,0.195,0.102,-1.801,9,27,2023,12,7,7
716807,2021.12.15,19:33:33,10.343923,-85.341716,16,0.152,-0.043,-0.973,9,27,2023,12,7,7
716807,2021.12.16,6:29:02,10.343183,-85.342521,16,0.305,0.645,-0.676,9,27,2023,12,7,7
716807,2021.12.16,17:54:51,10.34314,-85.342671,16,0.191,0.949,-0.492,9,27,2023,12,7,7
716807,2021.12.17,6:21:30,10.343783,-85.342103,16,0,0.461,0.383,9,27,2023,12,7,7
716807,2021.12.17,13:01:54,10.34388,-85.34265,16,0,0.461,0.383,9,27,2023,12,7,7
716807,2021.12.18,14:50:57,10.343698,-85.341995,16,0.438,0.609,0.918,9,27,2023,12,7,7
716807,2021.12.19,6:00:35,10.343172,-85.342092,16,0.438,0.609,0.918,9,27,2023,12,7,7
716807,2021.12.19,13:06:56,10.343751,-85.342467,16,0.281,0.48,1.043,9,27,2023,12,7,7
716807,2021.12.20,6:10:10,10.343966,-85.342628,16,0.219,-0.07,1.25,9,27,2023,12,7,7
716807,2021.12.20,15:20:02,10.343451,-85.34221,16,-0.012,-0.156,1.164,9,27,2023,12,7,7
716807,2021.12.21,6:12:57,10.343408,-85.342199,16,-0.051,-0.656,1.297,9,27,2023,12,7,7
716807,2021.12.21,17:34:55,10.342281,-85.342596,16,-0.051,-0.656,1.297,9,27,2023,12,7,7
716807,2021.12.22,6:04:07,10.343805,-85.342671,16,-0.102,-1.359,0.754,9,27,2023,12,7,7
716807,2021.12.23,6:19:26,10.343601,-85.342371,16,-0.102,-1.359,0.754,9,27,2023,12,7,7
716807,2021.12.23,14:49:54,10.343869,-85.342489,16,-0.102,-1.359,0.754,9,27,2023,12,7,7
716807,2021.12.24,6:48:54,10.34373,-85.341877,16,-0.027,0.164,-0.801,9,27,2023,12,7,7
716807,2021.12.24,13:18:48,10.343494,-85.342178,16,-0.027,0.164,-0.801,9,27,2023,12,7,7
716807,2021.12.25,6:03:40,10.343762,-85.342328,16,0.133,0.141,-1.227,9,27,2023,12,7,7
716807,2021.12.25,15:20:11,10.343097,-85.342714,16,0.133,0.141,-1.227,9,27,2023,12,7,7
716807,2021.12.25,15:20:11,10.343097,-85.342714,16,0.164,0.469,-1.121,9,27,2023,12,7,7
716807,2021.12.26,6:08:55,10.343451,-85.342306,16,0.164,0.469,-1.121,9,27,2023,12,7,7
716807,2021.12.26,16:35:12,10.342947,-85.342446,16,0.164,0.469,-1.121,9,27,2023,12,7,7
716807,2021.12.27,13:58:07,10.343998,-85.342661,16,0.074,-0.172,0.027,9,27,2023,12,7,7
716807,2021.12.27,13:58:07,10.343998,-85.342661,16,0.074,-0.172,0.027,9,27,2023,12,7,7
716807,2021.12.28,15:57:38,10.343226,-85.342382,16,0.047,0.164,0.34,9,27,2023,12,7,7
716807,2021.12.29,6:15:22,10.34359,-85.342242,16,0.047,0.164,0.34,9,27,2023,12,7,7
716807,2021.12.29,15:33:09,10.343537,-85.34251,16,0.094,0.043,0.469,9,27,2023,12,7,7
716807,2021.12.30,6:12:05,10.343526,-85.342403,16,0.094,0.043,0.469,9,27,2023,12,7,7
716807,2021.12.30,14:04:54,10.342872,-85.342661,16,0.094,0.043,0.469,9,27,2023,12,7,7
716807,2021.12.31,6:21:09,10.343547,-85.342392,16,0.094,0.043,0.469,9,27,2023,12,7,7
716807,2021.12.31,13:34:29,10.343902,-85.342006,16,0.094,0.043,0.469,9,27,2023,12,7,7
716807,2022.01.01,6:01:04,10.343236,-85.341899,16,0.094,0.043,0.469,9,27,2023,12,7,7
716807,2022.01.01,17:09:27,10.343451,-85.342339,16,0.094,0.043,0.469,9,27,2023,12,7,7
716807,2022.01.01,17:09:27,10.343451,-85.342339,16,0.094,0.043,0.469,9,27,2023,12,7,7
716807,2022.01.02,6:04:15,10.343891,-85.342607,16,0.094,0.043,0.469,9,27,2023,12,7,7
716807,2022.01.02,14:07:37,10.343311,-85.342306,16,-0.23,-0.512,-0.453,9,27,2023,12,7,7
716807,2022.01.03,6:58:38,10.343365,-85.342156,16,-0.23,-0.512,-0.453,9,27,2023,12,7,7
716807,2022.01.03,17:09:39,10.342882,-85.342661,16,-0.23,-0.512,-0.453,9,27,2023,12,7,7
716807,2022.01.03,17:09:39,10.342882,-85.342661,16,-0.23,-0.512,-0.453,9,27,2023,12,7,7
716807,2022.01.04,15:15:36,10.343397,-85.342038,16,-0.23,-0.512,-0.453,9,27,2023,12,7,7
716807,2021.05.22,13:12:20,10.343508,-85.342155,16,-0.23,-0.512,-0.453,9,27,2023,12,7,7
716807,2021.08.20,17:55:24,10.343469,-85.341689,16,-0.23,-0.512,-0.453,9,27,2023,12,7,7
716807,2021.08.25,13:24:11,10.344037,-85.342465,16,-0.23,-0.512,-0.453,9,27,2023,12,7,7
716807,2021.09.01,7:10:08,10.343476,-85.342059,16,0.363,1.012,0.113,9,27,2023,12,7,7
716807,2021.09.03,7:36:22,10.343646,-85.341421,16,0.363,1.012,0.113,9,27,2023,12,7,8
716807,2021.09.04,13:11:57,10.343817,-85.341786,16,0.363,1.012,0.113,9,27,2023,12,7,8
716807,2021.09.10,15:57:37,10.343912,-85.342365,16,0.363,1.012,0.113,9,27,2023,12,7,8
716807,2021.09.13,7:18:49,10.343669,-85.342237,16,0.363,1.012,0.113,9,27,2023,12,7,8
716807,2021.09.16,6:49:05,10.343699,-85.342103,16,0.363,1.012,0.113,9,27,2023,12,7,8
716807,2021.10.04,6:06:51,10.343601,-85.341898,16,0.363,1.012,0.113,9,27,2023,12,7,7
716807,2021.10.10,13:35:17,10.343713,-85.341471,16,0.363,1.012,0.113,9,27,2023,12,7,7
716807,2021.10.13,6:09:12,10.343685,-85.342153,16,0.363,1.012,0.113,9,27,2023,12,7,7
716807,2021.10.14,6:15:34,10.343864,-85.342234,16,0.363,1.012,0.113,9,27,2023,12,7,7
716807,2021.10.15,13:50:14,10.344371,-85.341306,16,0.363,1.012,0.113,9,27,2023,12,7,7
716807,2021.10.17,16:54:41,10.34392,-85.3417,16,0.363,1.012,0.113,9,27,2023,12,7,7
716807,2021.10.20,15:13:12,10.343447,-85.342367,16,0.363,1.012,0.113,9,27,2023,12,7,7
716807,2021.10.27,2:14:59,10.344173,-85.342447,16,0.363,1.012,0.113,9,27,2023,12,7,7
716807,2021.10.29,6:02:00,10.343986,-85.341202,16,0.363,1.012,0.113,9,27,2023,12,7,7
716807,2021.10.29,13:09:25,10.343485,-85.341854,16,0.363,1.012,0.113,9,27,2023,12,7,7
716807,2021.11.04,21:10:25,10.343477,-85.34204,16,0.363,1.012,0.113,9,27,2023,12,7,7
716807,2021.11.06,13:39:04,10.344642,-85.345366,16,0.363,1.012,0.113,9,27,2023,12,7,7
716807,2021.11.11,6:08:32,10.343897,-85.341574,16,0.363,1.012,0.113,9,27,2023,12,7,7
716807,2021.11.12,13:06:43,10.343919,-85.341469,16,0.363,1.012,0.113,9,27,2023,12,7,7
716807,2021.11.15,6:20:59,10.343741,-85.342096,16,0.363,1.012,0.113,9,27,2023,12,7,7
716807,2021.11.16,7:40:37,10.344053,-85.342475,16,0.363,1.012,0.113,9,27,2023,12,7,7
716807,2021.11.16,16:39:08,10.343464,-85.34214,16,0.363,1.012,0.113,9,27,2023,12,7,7
716807,2021.11.19,13:49:54,10.343567,-85.342386,16,0.363,1.012,0.113,9,27,2023,12,7,7
716807,2021.11.20,8:03:30,10.343828,-85.342497,16,0.363,1.012,0.113,9,27,2023,12,7,7
716807,2021.11.23,6:58:37,10.343604,-85.342088,16,0.363,1.012,0.113,9,27,2023,12,7,7
716807,2021.11.26,7:47:52,10.343763,-85.342898,16,0.363,1.012,0.113,9,27,2023,12,7,7
716807,2021.12.03,6:00:29,10.34428,-85.342053,16,0.363,1.012,0.113,9,27,2023,12,7,7
716807,2021.12.04,13:27:55,10.343766,-85.341906,16,0.363,1.012,0.113,9,27,2023,12,7,7
716807,2021.12.10,7:38:07,10.343906,-85.341275,16,-0.258,-0.941,0.773,9,27,2023,12,7,7
716807,2021.12.11,6:28:45,10.343436,-85.341965,16,-0.258,-0.941,0.773,9,27,2023,12,7,7
716807,2021.12.22,13:59:08,10.343824,-85.342152,16,-0.258,-0.941,0.773,9,27,2023,12,7,7
716807,2021.12.27,6:24:42,10.343613,-85.341657,16,-0.258,-0.941,0.773,9,27,2023,12,7,7
716807,2021.12.28,8:18:24,10.343734,-85.342618,16,-0.367,-0.047,0.246,9,27,2023,12,7,7
716811,2021.05.10,2:56:12,10.330045,-85.278881,16,-0.367,-0.047,0.246,9,27,2023,12,7,7
716811,2021.05.11,22:06:29,10.329912,-85.279141,16,-0.199,1.629,-0.957,9,27,2023,12,7,7
716811,2021.05.12,6:00:36,10.329965,-85.279393,16,-0.062,1.461,-0.797,9,27,2023,12,7,7
716811,2021.05.12,13:00:41,10.329847,-85.279586,16,0.098,0.887,-0.336,9,27,2023,12,7,7
716811,2021.05.13,6:00:35,10.329836,-85.279264,16,0.375,0.242,-0.23,9,27,2023,12,7,7
716811,2021.05.13,13:00:39,10.329879,-85.2795,16,0.305,-0.164,-0.191,9,27,2023,12,7,7
716811,2021.05.14,6:31:06,10.329557,-85.279489,16,0.305,-0.164,-0.191,9,27,2023,12,7,7
716811,2021.05.14,6:31:06,10.329557,-85.279489,16,0.039,-0.852,0.926,9,27,2023,12,7,7
716811,2021.05.14,13:08:38,10.329911,-85.279768,16,0.039,-0.852,0.926,9,27,2023,12,7,7
716811,2021.05.15,13:00:36,10.329997,-85.279446,16,-0.043,0.344,0.598,9,27,2023,12,7,7
716811,2021.05.17,6:00:35,10.329943,-85.279489,16,0.102,0.629,0.695,9,27,2023,12,7,7
716811,2021.05.18,6:00:36,10.329471,-85.279275,16,0.117,0.398,0.871,9,27,2023,12,7,7
716811,2021.05.19,6:00:36,10.329975,-85.279575,16,0.148,-0.016,1.031,9,27,2023,12,7,7
716811,2021.05.19,13:20:09,10.329879,-85.279468,16,0.148,-0.016,1.031,9,27,2023,12,7,7
716811,2021.05.19,13:20:09,10.329879,-85.279468,16,0.352,0.027,0.664,9,27,2023,12,7,7
716811,2021.05.20,6:17:06,10.329879,-85.279736,16,0.352,0.027,0.664,9,27,2023,12,7,7
716811,2021.05.20,13:20:48,10.329933,-85.279682,16,0.945,-0.125,-0.289,9,27,2023,12,7,7
716811,2021.05.21,6:08:39,10.329729,-85.279511,16,1.34,1.273,-1.859,9,27,2023,12,7,8
716811,2021.05.21,13:27:30,10.329836,-85.279575,16,0.992,1.176,-1.785,9,27,2023,12,7,8
716811,2021.05.21,13:27:30,10.329836,-85.279575,16,0.992,1.176,-1.785,9,27,2023,12,7,8
716811,2021.05.22,6:02:35,10.329729,-85.279436,16,0.641,0.637,-1.266,9,27,2023,12,7,8
716811,2021.05.22,13:00:35,10.330018,-85.279425,16,0.645,0.707,-1.457,9,27,2023,12,7,8
716811,2021.05.23,6:01:35,10.329772,-85.279393,16,0.645,0.707,-1.457,9,27,2023,12,7,8
716811,2021.05.23,13:02:35,10.329729,-85.279629,16,0.645,0.707,-1.457,9,27,2023,12,7,8
716811,2021.05.24,6:00:35,10.329815,-85.279382,16,0.645,0.707,-1.457,9,27,2023,12,7,8
716811,2021.05.24,13:00:36,10.329997,-85.279403,16,0.645,0.707,-1.457,9,27,2023,12,7,8
716811,2021.05.25,6:00:35,10.329857,-85.279393,16,-0.379,-0.301,-0.07,9,27,2023,12,7,8
716811,2021.05.25,13:02:05,10.329621,-85.279296,16,-0.355,0.008,-0.141,9,27,2023,12,7,8
716811,2021.05.26,6:02:50,10.329815,-85.279511,16,-0.191,0.191,-0.062,9,27,2023,12,7,8
716811,2021.05.26,13:00:37,10.329975,-85.279436,16,-0.195,-0.047,0.02,9,27,2023,12,7,8
716811,2021.05.27,6:00:41,10.329697,-85.279629,16,-0.195,-0.047,0.02,9,27,2023,12,7,8
716811,2021.05.27,13:00:51,10.329557,-85.279618,16,0.309,0.328,-0.57,9,27,2023,12,7,8
716811,2021.05.28,6:00:35,10.33019,-85.279307,16,0.309,0.328,-0.57,9,27,2023,12,7,8
716811,2021.05.28,13:05:06,10.329718,-85.279596,16,0.309,0.328,-0.57,9,27,2023,12,7,8
716811,2021.05.29,6:00:37,10.329686,-85.279575,16,0.848,0.309,-0.43,9,27,2023,12,7,8
716811,2021.05.29,13:00:56,10.329686,-85.279618,16,0.848,0.309,-0.43,9,27,2023,12,7,8
716811,2021.05.30,6:00:43,10.329975,-85.279693,16,0.305,0.309,-0.023,9,27,2023,12,7,8
716811,2021.05.30,13:01:55,10.329943,-85.279747,16,0.305,0.309,-0.023,9,27,2023,12,7,8
716811,2021.05.31,6:00:36,10.329986,-85.279747,16,0.305,0.309,-0.023,9,27,2023,12,7,8
716811,2021.05.31,13:03:02,10.32989,-85.2798,16,0.305,0.309,-0.023,9,27,2023,12,7,8
716811,2021.06.01,6:00:36,10.330051,-85.27994,16,0.305,0.309,-0.023,9,27,2023,12,7,8
716811,2021.06.01,13:00:37,10.329782,-85.279639,16,0.305,0.309,-0.023,9,27,2023,12,7,8
716811,2021.06.02,6:00:50,10.328291,-85.279704,16,-0.035,0.156,-0.332,9,27,2023,12,7,8
716811,2021.06.02,13:00:55,10.328248,-85.279779,16,-0.109,0.73,-0.684,9,27,2023,12,7,8
716811,2021.06.03,6:00:35,10.32975,-85.27935,16,-0.109,0.73,-0.684,9,27,2023,12,7,8
716811,2021.06.03,13:00:35,10.329428,-85.279339,16,0.137,-0.121,-0.168,9,27,2023,12,7,8
716811,2021.06.04,6:00:37,10.329825,-85.279693,16,0.371,-0.023,-1.102,9,27,2023,12,7,8
716811,2021.06.04,13:00:36,10.3299,-85.279629,16,0.617,0.559,-1.836,9,27,2023,12,7,8
716811,2021.06.05,6:00:38,10.329718,-85.279693,16,0.414,-0.039,-1.398,9,27,2023,12,7,8
716811,2021.06.05,13:03:01,10.329621,-85.279436,16,0.414,-0.039,-1.398,9,27,2023,12,7,8
716811,2021.06.06,6:00:35,10.329654,-85.279532,16,0.461,-0.254,-1.172,9,27,2023,12,7,8
716811,2021.06.06,13:00:44,10.329718,-85.279661,16,0.473,0.207,-1.387,9,27,2023,12,7,8
716811,2021.06.07,6:00:33,10.329836,-85.279393,16,0.582,-0.23,-0.77,9,27,2023,12,7,8
716811,2021.06.07,13:10:05,10.32975,-85.279489,16,0.312,-0.492,-0.23,9,27,2023,12,7,8
716811,2021.06.08,6:00:34,10.33004,-85.278824,16,0.43,-0.438,0,9,27,2023,12,7,8
716811,2021.06.08,13:05:36,10.330544,-85.276603,16,0.68,0.117,-0.664,9,27,2023,12,7,8
716811,2021.06.09,6:00:35,10.330372,-85.276292,16,0.613,1.504,-1.789,9,27,2023,12,7,8
716811,2021.06.09,13:04:35,10.330426,-85.276464,16,0.613,1.504,-1.789,9,27,2023,12,7,8
716811,2021.06.10,6:06:55,10.33033,-85.276785,16,0.07,-0.191,-0.242,9,27,2023,12,7,8
716811,2021.06.10,13:04:35,10.33034,-85.276796,16,0.07,-0.191,-0.242,9,27,2023,12,7,8
716811,2021.06.11,6:00:33,10.330233,-85.276464,16,-0.121,0.102,0.074,9,27,2023,12,7,8
716811,2021.06.11,13:04:33,10.33033,-85.27641,16,-0.121,0.102,0.074,9,27,2023,12,7,8
716811,2021.06.12,6:00:36,10.330351,-85.276206,16,-0.828,-0.223,0.355,9,27,2023,12,7,8
716811,2021.06.12,13:10:05,10.33033,-85.276507,16,-0.828,-0.223,0.355,9,27,2023,12,7,8
716811,2021.06.13,6:00:35,10.330383,-85.276077,16,-0.828,-0.223,0.355,9,27,2023,12,7,8
716811,2021.06.13,13:00:38,10.330319,-85.276163,16,-0.828,-0.223,0.355,9,27,2023,12,7,9
716811,2021.06.14,6:00:35,10.329836,-85.276292,16,-0.828,-0.223,0.355,9,27,2023,12,7,9
716811,2021.06.14,13:00:34,10.329879,-85.276281,16,-0.828,-0.223,0.355,9,27,2023,12,7,9
716811,2021.06.15,6:00:35,10.329782,-85.276549,16,-0.828,-0.223,0.355,9,27,2023,12,7,9
716811,2021.06.17,13:00:37,10.3293,-85.276871,16,-0.828,-0.223,0.355,9,27,2023,12,7,9
716811,2021.06.18,6:00:38,10.328441,-85.277579,16,-0.828,-0.223,0.355,9,27,2023,12,7,9
716811,2021.06.18,13:15:37,10.32842,-85.277612,16,-0.828,-0.223,0.355,9,27,2023,12,7,9
716811,2021.06.19,6:00:37,10.328162,-85.279575,16,-0.828,-0.223,0.355,9,27,2023,12,7,9
716811,2021.06.21,13:01:01,10.32827,-85.278706,16,-0.828,-0.223,0.355,9,27,2023,12,7,9
716811,2021.06.22,6:00:50,10.328194,-85.278717,16,-0.828,-0.223,0.355,9,27,2023,12,7,9
716811,2021.06.25,6:00:36,10.32828,-85.278406,16,-0.828,-0.223,0.355,9,27,2023,12,7,9
716811,2021.06.26,13:00:51,10.328173,-85.278384,16,-0.512,-0.52,-0.23,9,27,2023,12,7,9
716811,2021.06.28,6:00:41,10.328109,-85.278513,16,-0.512,-0.52,-0.23,9,27,2023,12,7,9
716811,2021.06.29,13:00:37,10.32827,-85.278341,16,-0.512,-0.52,-0.23,9,27,2023,12,7,9
716811,2021.06.30,6:00:35,10.328463,-85.27833,16,-0.512,-0.52,-0.23,9,27,2023,12,7,9
716811,2021.07.02,13:00:41,10.328355,-85.27818,16,-0.512,-0.52,-0.23,9,27,2023,12,7,9
716811,2021.07.03,6:00:41,10.328291,-85.278148,16,0.945,0.594,-1.184,9,27,2023,12,7,9
716811,2021.07.08,6:00:37,10.328313,-85.278212,16,0.945,0.594,-1.184,9,27,2023,12,7,9
716811,2021.07.08,13:00:46,10.328259,-85.278406,16,0.602,-0.176,0.219,9,27,2023,12,7,9
716811,2021.07.09,6:00:36,10.32827,-85.278352,16,0.602,-0.176,0.219,9,27,2023,12,7,9
716811,2021.07.09,13:00:39,10.32827,-85.278352,16,0.844,-0.762,0.18,9,27,2023,12,7,9
716811,2021.07.10,13:00:38,10.328302,-85.278427,16,1.086,-0.801,0.469,9,27,2023,12,7,9
716811,2021.07.13,13:00:40,10.328677,-85.277343,16,1.086,-0.801,0.469,9,27,2023,12,7,9
716811,2021.07.14,6:00:51,10.328516,-85.277086,16,1.086,-0.801,0.469,9,27,2023,12,7,9
716811,2021.07.17,13:00:37,10.32842,-85.275208,16,1.086,-0.801,0.469,9,27,2023,12,7,9
716811,2021.07.20,6:01:30,10.328463,-85.276303,16,1.148,0.598,-0.449,9,27,2023,12,7,9
716811,2021.07.27,6:00:35,10.329782,-85.278223,16,1.148,0.598,-0.449,9,27,2023,12,7,9
716811,2021.08.03,6:00:50,10.329385,-85.276796,16,1.172,2.293,-0.758,9,27,2023,12,7,9
716811,2021.08.06,6:00:50,10.329418,-85.276871,16,1.168,3.258,-1.293,9,27,2023,12,7,9
716811,2021.08.06,13:02:00,10.329375,-85.276807,16,0.773,3.551,-0.863,9,27,2023,12,7,9
716811,2021.08.11,6:00:46,10.330061,-85.278009,16,-0.234,2.246,-0.012,9,27,2023,12,7,9
716811,2021.08.12,6:00:44,10.328892,-85.277547,16,-0.234,2.246,-0.012,9,27,2023,12,7,9
716811,2021.08.14,13:00:51,10.329214,-85.279039,16,-0.234,2.246,-0.012,9,27,2023,12,7,9
716811,2021.08.18,6:00:50,10.328473,-85.279006,16,-3.066,-1.527,3.203,9,27,2023,12,7,9
716811,2021.08.18,13:00:51,10.328463,-85.279039,16,-3.066,-1.527,3.203,9,27,2023,12,7,9
716811,2021.08.19,6:01:54,10.328463,-85.279049,16,-3.066,-1.527,3.203,9,27,2023,12,7,9
716811,2021.08.19,13:00:38,10.328495,-85.279264,16,-3.066,-1.527,3.203,9,27,2023,12,7,9
716811,2021.08.20,6:01:02,10.330566,-85.278566,16,0.75,0.008,-2.098,9,27,2023,12,7,9
716811,2021.08.20,13:00:50,10.330555,-85.278534,16,0.75,0.008,-2.098,9,27,2023,12,7,9
716811,2021.08.24,6:02:06,10.330319,-85.275273,16,0.75,0.008,-2.098,9,27,2023,12,7,9
716811,2021.08.24,13:00:38,10.330147,-85.275638,16,0.75,0.008,-2.098,9,27,2023,12,7,9
716811,2021.08.25,6:00:37,10.329847,-85.278137,16,0.75,0.008,-2.098,9,27,2023,12,7,9
716811,2021.08.26,6:00:50,10.329106,-85.27921,16,0.75,0.008,-2.098,9,27,2023,12,7,9
716811,2022.02.17,13:00:36,10.330029,-85.277547,16,0.75,0.008,-2.098,9,27,2023,12,7,9
716811,2022.02.18,13:01:12,10.329975,-85.277622,16,0.75,0.008,-2.098,9,27,2023,12,7,9
716811,2022.02.19,13:01:00,10.329965,-85.277644,16,0.75,0.008,-2.098,9,27,2023,12,7,9
716811,2022.02.20,13:00:59,10.330008,-85.277537,16,0.75,0.008,-2.098,9,27,2023,12,7,9
716811,2022.02.21,13:01:33,10.329975,-85.27759,16,0.75,0.008,-2.098,9,27,2023,12,7,9
716811,2022.02.22,13:01:36,10.329965,-85.277644,16,-0.922,-2.184,0.898,9,27,2023,12,7,10
716811,2022.02.23,13:00:51,10.329997,-85.277612,16,-0.922,-2.184,0.898,9,27,2023,12,7,10
716811,2022.02.24,13:01:15,10.329986,-85.277622,16,-0.922,-2.184,0.898,9,27,2023,12,7,10
716811,2022.02.25,6:01:12,10.329975,-85.27759,16,0.648,0.734,-0.527,9,27,2023,12,7,10
716811,2022.02.25,13:00:51,10.329997,-85.27759,16,0.43,1.922,-1.148,9,27,2023,12,7,10
716811,2022.02.26,6:01:06,10.329975,-85.277569,16,0.43,1.922,-1.148,9,27,2023,12,7,10
716811,2022.02.26,13:00:53,10.329986,-85.277601,16,0.43,1.922,-1.148,9,27,2023,12,7,10
716811,2022.02.27,6:01:07,10.329943,-85.277526,16,0.43,1.922,-1.148,9,27,2023,12,7,10
716811,2022.02.27,13:01:07,10.329986,-85.277579,16,0.43,1.922,-1.148,9,27,2023,12,7,10
716811,2022.02.28,6:01:12,10.330018,-85.277569,16,0.43,1.922,-1.148,9,27,2023,12,7,10
716811,2022.02.28,13:01:01,10.329986,-85.27759,16,-1.457,-2.359,1.57,9,27,2023,12,7,10
716811,2022.03.01,6:00:54,10.330061,-85.277558,16,-1.457,-2.359,1.57,9,27,2023,12,7,10
716811,2022.03.01,13:00:54,10.329997,-85.277558,16,-0.801,-4.121,1.402,9,27,2023,12,7,10
716811,2022.03.02,6:01:06,10.330008,-85.27759,16,-0.801,-4.121,1.402,9,27,2023,12,7,10
716811,2022.03.02,13:00:55,10.330008,-85.277569,16,-0.801,-4.121,1.402,9,27,2023,12,7,10
716811,2022.03.03,6:01:01,10.330008,-85.277579,16,-0.801,-4.121,1.402,9,27,2023,12,7,10
716811,2022.03.03,13:00:55,10.329997,-85.27759,16,0.707,0.523,-1.609,9,27,2023,12,7,10
716811,2022.03.04,6:01:00,10.329975,-85.277547,16,0.707,0.523,-1.609,9,27,2023,12,7,10
716811,2022.03.04,13:00:54,10.330018,-85.277644,16,0.707,0.523,-1.609,9,27,2023,12,7,10
716811,2022.03.05,6:01:06,10.329997,-85.277569,16,0.707,0.523,-1.609,9,27,2023,12,7,10
716811,2022.03.05,13:00:55,10.329997,-85.277579,16,0.109,3.418,-0.406,9,27,2023,12,7,10
716811,2022.03.06,6:01:30,10.329943,-85.277515,16,0.109,3.418,-0.406,9,27,2023,12,7,10
716811,2022.03.06,13:01:02,10.329997,-85.27759,16,-1.055,-1.324,1.371,9,27,2023,12,7,10
716811,2022.03.07,6:01:01,10.329986,-85.277569,16,-0.281,-3.039,1.867,9,27,2023,12,7,10
716811,2022.03.07,13:01:02,10.330008,-85.27759,16,0.23,-3.484,1.555,9,27,2023,12,7,10
716811,2022.03.08,6:01:00,10.330008,-85.277569,16,-0.125,-3.012,0.598,9,27,2023,12,7,10
716811,2022.03.08,13:01:07,10.330008,-85.277579,16,-0.125,-3.012,0.598,9,27,2023,12,7,10
716811,2022.03.09,6:01:06,10.329997,-85.277579,16,-0.035,-0.605,-0.246,9,27,2023,12,7,10
716811,2022.03.09,13:00:50,10.330018,-85.277579,16,-0.035,-0.605,-0.246,9,27,2023,12,7,10
716811,2022.03.10,6:01:06,10.329997,-85.277601,16,0.301,1.402,-0.934,9,27,2023,12,7,10
716811,2022.03.10,13:00:53,10.330008,-85.277601,16,0.332,3.184,-1.348,9,27,2023,12,7,10
716811,2022.03.11,6:01:06,10.329997,-85.277579,16,0.332,3.184,-1.348,9,27,2023,12,7,10
716811,2022.03.11,13:00:50,10.330008,-85.27759,16,-0.219,2.336,-0.316,9,27,2023,12,7,10
716811,2022.03.12,6:00:55,10.330008,-85.277558,16,-0.219,2.336,-0.316,9,27,2023,12,7,10
716811,2022.03.12,13:01:29,10.329997,-85.27759,16,-0.219,2.336,-0.316,9,27,2023,12,7,10
716811,2022.03.13,6:00:52,10.330008,-85.277579,16,-0.219,2.336,-0.316,9,27,2023,12,7,10
716811,2022.03.13,13:01:06,10.329986,-85.277569,16,-0.219,2.336,-0.316,9,27,2023,12,7,10
716811,2022.03.14,6:01:56,10.329975,-85.277579,16,-0.219,2.336,-0.316,9,27,2023,12,7,10
716811,2022.03.14,13:00:51,10.330018,-85.27759,16,-0.219,2.336,-0.316,9,27,2023,12,7,10
716811,2022.03.15,6:01:01,10.329986,-85.27759,16,-0.219,2.336,-0.316,9,27,2023,12,7,10
716811,2022.03.15,13:00:55,10.33004,-85.277569,16,-0.219,2.336,-0.316,9,27,2023,12,7,10
716811,2022.03.16,6:00:55,10.329986,-85.277569,16,0.535,1.48,-1.379,9,27,2023,12,7,10
716811,2022.03.16,13:00:55,10.330008,-85.277579,16,0.535,1.48,-1.379,9,27,2023,12,7,10
716811,2022.03.17,6:01:00,10.329986,-85.277579,16,0.535,1.48,-1.379,9,27,2023,12,7,10
716811,2022.03.17,13:01:07,10.329986,-85.277579,16,0.535,1.48,-1.379,9,27,2023,12,7,10
716811,2022.03.18,6:00:59,10.329997,-85.277526,16,0.535,1.48,-1.379,9,27,2023,12,7,10
716811,2022.03.18,13:00:49,10.330008,-85.27759,16,0.535,1.48,-1.379,9,27,2023,12,7,10
716811,2022.03.19,6:00:54,10.329986,-85.277558,16,0.535,1.48,-1.379,9,27,2023,12,7,10
716811,2022.03.19,13:00:55,10.329997,-85.27759,16,0.273,-3.066,1.523,9,27,2023,12,7,10
716811,2022.03.20,6:01:06,10.329997,-85.27759,16,0.273,-3.066,1.523,9,27,2023,12,7,11
716811,2022.03.20,13:01:07,10.329986,-85.27759,16,0.273,-3.066,1.523,9,27,2023,12,7,11
716811,2022.03.21,6:00:50,10.329997,-85.277579,16,0.273,-3.066,1.523,9,27,2023,12,7,11
716811,2022.03.21,13:00:51,10.329997,-85.277579,16,0.273,-3.066,1.523,9,27,2023,12,7,11
716811,2022.03.22,6:01:01,10.329997,-85.277579,16,0.273,-3.066,1.523,9,27,2023,12,7,11
716811,2022.03.22,13:01:01,10.329997,-85.277569,16,0.273,-3.066,1.523,9,27,2023,12,7,11
716811,2022.03.23,6:01:02,10.329997,-85.277579,16,0.273,-3.066,1.523,9,27,2023,12,7,11
716811,2022.03.23,13:01:01,10.329975,-85.277579,16,0.008,2.957,-0.988,9,27,2023,12,7,11
716811,2022.03.24,6:01:02,10.330008,-85.277579,16,0.008,2.957,-0.988,9,27,2023,12,7,11
716811,2022.03.24,13:01:07,10.329997,-85.277558,16,0.008,2.957,-0.988,9,27,2023,12,7,11
716811,2022.03.25,6:00:50,10.329997,-85.277569,16,0.008,2.957,-0.988,9,27,2023,12,7,11
716811,2022.03.25,13:01:02,10.329975,-85.277579,16,0.008,2.957,-0.988,9,27,2023,12,7,11
716811,2022.03.26,6:00:51,10.330018,-85.277569,16,0.008,2.957,-0.988,9,27,2023,12,7,11
716811,2022.03.26,13:01:01,10.329986,-85.277579,16,0.008,2.957,-0.988,9,27,2023,12,7,11
716811,2022.03.27,6:00:54,10.330018,-85.277579,16,0.008,2.957,-0.988,9,27,2023,12,7,11
716811,2022.03.27,13:01:06,10.330008,-85.277579,16,0.008,2.957,-0.988,9,27,2023,12,7,11
716811,2022.03.28,6:00:58,10.330018,-85.277579,16,0.008,2.957,-0.988,9,27,2023,12,7,11
716811,2022.03.28,13:00:55,10.329997,-85.277579,16,1.258,2.328,-3.348,9,27,2023,12,7,11
716811,2022.03.29,6:00:52,10.330008,-85.277558,16,1.258,2.328,-3.348,9,27,2023,12,7,11
716811,2022.03.29,13:01:25,10.329997,-85.277569,16,1.258,2.328,-3.348,9,27,2023,12,7,11
716811,2022.03.30,6:00:50,10.329986,-85.277537,16,1.258,2.328,-3.348,9,27,2023,12,7,11
716811,2022.03.30,13:01:00,10.329997,-85.277579,16,1.258,2.328,-3.348,9,27,2023,12,7,11
716811,2022.03.31,6:00:51,10.330072,-85.277665,16,1.258,2.328,-3.348,9,27,2023,12,7,11
716811,2022.03.31,13:00:51,10.329986,-85.277569,16,-0.551,-1.426,1.902,9,27,2023,12,7,11
716811,2021.05.15,6:22:21,10.329595,-85.279301,16,-0.551,-1.426,1.902,9,27,2023,12,7,11
716811,2021.05.16,6:38:22,10.32937,-85.279239,16,-1.805,-1.293,2.73,9,27,2023,12,7,11
716811,2021.05.16,13:22:07,10.329808,-85.279381,16,-1.078,-0.422,1.586,9,27,2023,12,7,11
716811,2021.05.17,13:29:49,10.329526,-85.27923,16,-1.078,-0.422,1.586,9,27,2023,12,7,11
716811,2021.05.18,13:28:52,10.329804,-85.279366,16,-1.078,-0.422,1.586,9,27,2023,12,7,11
716811,2021.06.16,9:54:40,10.329044,-85.276622,16,1.961,2.473,-2.773,9,27,2023,12,7,11
716811,2021.07.31,13:01:00,10.330114,-85.276938,16,1.961,2.473,-2.773,9,27,2023,12,7,11
716811,2021.08.09,6:02:38,10.330498,-85.278704,16,0.289,1.719,-0.895,9,27,2023,12,7,11
716811,2022.02.20,6:03:05,10.330012,-85.277489,16,0.289,1.719,-0.895,9,27,2023,12,7,11
716811,2022.02.24,6:02:01,10.330055,-85.277513,16,-0.312,-2.633,2.504,9,27,2023,12,7,11
716812,2021.05.08,13:40:30,10.345356,-85.338266,16,-0.312,-2.633,2.504,9,27,2023,12,7,11
716812,2021.05.14,20:25:03,10.344154,-85.342804,16,-0.75,-1.32,2.031,9,27,2023,12,7,11
716812,2021.05.15,6:00:34,10.343794,-85.341888,16,-0.75,-1.32,2.031,9,27,2023,12,7,11
716812,2021.05.17,7:21:06,10.343665,-85.345053,16,-0.188,0.75,-0.125,9,27,2023,12,7,11
716812,2021.05.18,10:46:06,10.34358,-85.345139,16,-0.188,0.75,-0.125,9,27,2023,12,7,11
716812,2021.05.18,13:01:11,10.343612,-85.345053,16,0.434,1.016,-0.652,9,27,2023,12,7,11
716812,2021.05.19,6:00:38,10.343655,-85.345053,16,0.434,1.016,-0.652,9,27,2023,12,7,11
716812,2021.05.20,6:00:59,10.34388,-85.345064,16,0.434,1.016,-0.652,9,27,2023,12,7,11
716812,2021.05.20,13:23:36,10.343719,-85.34501,16,0.047,1.008,-0.438,9,27,2023,12,7,11
716812,2021.05.20,13:23:36,10.343719,-85.34501,16,0.008,1.516,-0.781,9,27,2023,12,7,11
716812,2021.05.21,6:00:52,10.343773,-85.344796,16,0.008,1.516,-0.781,9,27,2023,12,7,11
716812,2021.05.23,5:44:06,10.343826,-85.344742,16,-1.062,1.738,-0.207,9,27,2023,12,7,11
716812,2021.05.23,6:00:35,10.343783,-85.344796,16,-1.062,1.738,-0.207,9,27,2023,12,7,11
716812,2021.05.24,6:00:35,10.339084,-85.344999,16,-0.918,-2.047,1.793,9,27,2023,12,7,12
716812,2021.05.24,13:00:37,10.339159,-85.343819,16,-1.469,-0.855,1.23,9,27,2023,12,7,12
716812,2021.05.25,6:00:33,10.339009,-85.343058,16,-1.672,0.422,0.727,9,27,2023,12,7,12
716812,2021.05.25,13:00:35,10.339599,-85.346019,16,-1.777,1.051,0.375,9,27,2023,12,7,12
716812,2021.05.27,6:00:39,10.339181,-85.345536,16,-1.777,1.051,0.375,9,27,2023,12,7,12
716812,2021.05.27,17:14:55,10.339642,-85.346094,16,-1.777,1.051,0.375,9,27,2023,12,7,12
716812,2021.05.28,6:00:36,10.339084,-85.344399,16,-1.777,1.051,0.375,9,27,2023,12,7,12
716812,2021.05.28,17:00:31,10.339642,-85.346008,16,-0.43,-0.977,-0.102,9,27,2023,12,7,12
716812,2021.05.28,17:00:31,10.339642,-85.346008,16,-0.43,-0.977,-0.102,9,27,2023,12,7,12
716812,2021.05.29,6:00:35,10.33932,-85.344034,16,-0.43,-0.977,-0.102,9,27,2023,12,7,12
716812,2021.05.29,14:55:49,10.339739,-85.346105,16,-0.625,-0.723,-0.469,9,27,2023,12,7,12
716812,2021.05.30,6:00:35,10.33976,-85.345654,16,-0.625,-0.723,-0.469,9,27,2023,12,7,12
716812,2021.05.31,10:08:23,10.339277,-85.345536,16,-0.625,-0.723,-0.469,9,27,2023,12,7,12
716812,2021.06.01,6:07:33,10.339256,-85.344163,16,-0.625,-0.723,-0.469,9,27,2023,12,7,12
716812,2021.06.01,13:00:34,10.339749,-85.345933,16,-0.625,-0.723,-0.469,9,27,2023,12,7,12
716812,2021.06.02,6:00:35,10.339256,-85.345536,16,-0.625,-0.723,-0.469,9,27,2023,12,7,12
716812,2021.06.03,6:00:36,10.339063,-85.343637,16,-0.625,-0.723,-0.469,9,27,2023,12,7,12
716812,2021.06.03,17:36:06,10.339889,-85.34618,16,-0.625,-0.723,-0.469,9,27,2023,12,7,12
716812,2021.06.03,17:36:06,10.339889,-85.34618,16,-0.625,-0.723,-0.469,9,27,2023,12,7,12
716812,2021.06.04,6:00:37,10.339599,-85.345665,16,-0.625,-0.723,-0.469,9,27,2023,12,7,12
716812,2021.06.04,19:21:55,10.339857,-85.346158,16,-0.625,-0.723,-0.469,9,27,2023,12,7,12
716812,2021.06.05,6:00:34,10.339428,-85.343594,16,-0.625,-0.723,-0.469,9,27,2023,12,7,12
716812,2021.06.06,6:00:34,10.332143,-85.340944,16,-0.625,-0.723,-0.469,9,27,2023,12,7,12
716812,2021.06.06,13:00:34,10.286373,-85.279092,16,-0.625,-0.723,-0.469,9,27,2023,12,7,12
716812,2021.06.07,6:00:38,10.319161,-85.207252,16,-0.625,-0.723,-0.469,9,27,2023,12,7,12
716812,2021.06.07,13:00:56,10.349953,-85.19868,16,-0.625,-0.723,-0.469,9,27,2023,12,7,12
716812,2021.06.08,6:00:38,10.35889,-85.196931,16,-0.625,-0.723,-0.469,9,27,2023,12,7,12
716812,2021.06.10,6:00:37,10.344642,-85.197778,16,-0.625,-0.723,-0.469,9,27,2023,12,7,12
716812,2021.06.12,6:00:52,10.348772,-85.19884,16,-0.625,-0.723,-0.469,9,27,2023,12,7,12
716812,2021.06.13,6:00:50,10.35139,-85.180934,16,-0.625,-0.723,-0.469,9,27,2023,12,7,12
716812,2021.06.14,6:01:02,10.347742,-85.191996,16,-0.625,-0.723,-0.469,9,27,2023,12,7,12
716812,2021.06.15,6:00:52,10.345135,-85.194528,16,-0.625,-0.723,-0.469,9,27,2023,12,7,12
716812,2021.06.16,6:00:51,10.347871,-85.181363,16,-0.625,-0.723,-0.469,9,27,2023,12,7,12
716812,2021.06.17,6:01:02,10.3477,-85.17926,16,-0.625,-0.723,-0.469,9,27,2023,12,7,12
716812,2021.06.19,6:02:06,10.347796,-85.180076,16,-0.625,-0.723,-0.469,9,27,2023,12,7,12
716812,2021.06.20,13:01:02,10.348247,-85.181921,16,-0.625,-0.723,-0.469,9,27,2023,12,7,12
716812,2021.06.22,6:00:37,10.348579,-85.18191,16,-0.625,-0.723,-0.469,9,27,2023,12,7,12
716812,2021.06.23,6:01:32,10.347989,-85.179915,16,-0.625,-0.723,-0.469,9,27,2023,12,7,12
716812,2021.06.25,13:00:36,10.348579,-85.18191,16,-0.625,-0.723,-0.469,9,27,2023,12,7,12
716812,2021.06.26,13:00:38,10.348601,-85.181943,16,-0.582,-0.18,0.527,9,27,2023,12,7,12
716812,2021.06.27,6:01:06,10.347828,-85.179325,16,-0.582,-0.18,0.527,9,27,2023,12,7,12
716812,2021.06.28,6:00:37,10.347882,-85.179303,16,-0.582,-0.18,0.527,9,27,2023,12,7,12
716812,2021.07.02,13:00:48,10.346573,-85.128438,16,-0.859,0.211,1.781,9,27,2023,12,7,12
716812,2021.07.03,6:00:35,10.351101,-85.135369,16,-0.859,0.211,1.781,9,27,2023,12,7,12
716812,2021.07.04,6:00:39,10.352227,-85.133309,16,-0.859,0.211,1.781,9,27,2023,12,7,12
716812,2021.07.05,6:01:06,10.362902,-85.127451,16,-0.859,0.211,1.781,9,27,2023,12,7,12
716812,2021.07.06,6:00:38,10.36493,-85.127086,16,-0.859,0.211,1.781,9,27,2023,12,7,12
716812,2021.07.07,6:00:37,10.346723,-85.129082,16,-0.859,0.211,1.781,9,27,2023,12,7,12
716812,2021.07.08,6:00:50,10.338494,-85.122387,16,-0.859,0.211,1.781,9,27,2023,12,7,12
716812,2021.07.12,6:00:35,10.348375,-85.133566,16,-0.859,0.211,1.781,9,27,2023,12,7,13
716812,2021.07.13,6:00:36,10.347582,-85.143426,16,-0.859,0.211,1.781,9,27,2023,12,7,13
716812,2021.07.14,6:00:36,10.351058,-85.135444,16,-0.859,0.211,1.781,9,27,2023,12,7,13
716812,2021.07.16,6:00:35,10.348375,-85.133566,16,-0.859,0.211,1.781,9,27,2023,12,7,13
716812,2021.07.18,6:00:35,10.36478,-85.127032,16,-0.859,0.211,1.781,9,27,2023,12,7,13
716812,2021.07.20,6:00:35,10.348397,-85.13333,16,-0.859,0.211,1.781,9,27,2023,12,7,13
716812,2021.07.25,6:00:36,10.366775,-85.127301,16,-0.859,0.211,1.781,9,27,2023,12,7,13
716812,2021.07.26,6:01:06,10.338419,-85.122408,16,-0.859,0.211,1.781,9,27,2023,12,7,14
716812,2021.07.27,6:00:35,10.348311,-85.133255,16,-0.859,0.211,1.781,9,27,2023,12,7,14
716812,2021.08.01,6:00:36,10.34844,-85.133631,16,-0.859,0.211,1.781,9,27,2023,12,7,14
716812,2021.08.03,13:00:37,10.34226,-85.12376,16,0.805,-0.656,-1.773,9,27,2023,12,7,14
716812,2021.08.05,6:00:36,10.347582,-85.143415,16,0.805,-0.656,-1.773,9,27,2023,12,7,14
716812,2021.08.07,6:00:50,10.375541,-85.125466,16,0.805,-0.656,-1.773,9,27,2023,12,7,14
716812,2021.05.19,20:05:25,10.343574,-85.345138,16,0.805,-0.656,-1.773,9,27,2023,12,7,14
716812,2021.06.18,13:03:06,10.347904,-85.18086,16,0.805,-0.656,-1.773,9,27,2023,12,7,14
716812,2021.06.20,6:03:05,10.347811,-85.179187,16,0.805,-0.656,-1.773,9,27,2023,12,7,14
716812,2021.06.24,6:00:26,10.348501,-85.181741,16,0.188,0.262,-1.41,9,27,2023,12,7,14
716812,2021.07.23,6:00:26,10.349662,-85.138894,16,0.188,0.262,-1.41,9,27,2023,12,7,14
716812,2021.08.03,6:02:50,10.339316,-85.123318,16,0.188,0.262,-1.41,9,27,2023,12,7,14